-- phpMyAdmin SQL Dump
-- version 4.5.2
-- http://www.phpmyadmin.net
--
-- Host: localhost
-- Generation Time: 07 Agu 2019 pada 03.39
-- Versi Server: 10.1.13-MariaDB
-- PHP Version: 5.6.20

SET SQL_MODE = "NO_AUTO_VALUE_ON_ZERO";
SET time_zone = "+00:00";


/*!40101 SET @OLD_CHARACTER_SET_CLIENT=@@CHARACTER_SET_CLIENT */;
/*!40101 SET @OLD_CHARACTER_SET_RESULTS=@@CHARACTER_SET_RESULTS */;
/*!40101 SET @OLD_COLLATION_CONNECTION=@@COLLATION_CONNECTION */;
/*!40101 SET NAMES utf8mb4 */;

--
-- Database: `ta_3`
--

-- --------------------------------------------------------

--
-- Struktur dari tabel `detail_transaksi`
--

CREATE TABLE `detail_transaksi` (
  `Kode_transaksi` varchar(12) DEFAULT NULL,
  `kode_barang` varchar(225) DEFAULT NULL,
  `jumlah` bigint(20) DEFAULT NULL,
  `harga` bigint(20) DEFAULT NULL,
  `total` bigint(20) DEFAULT NULL,
  `id` int(11) NOT NULL,
  `tanggal` varchar(225) NOT NULL
) ENGINE=InnoDB DEFAULT CHARSET=utf8;

--
-- Dumping data untuk tabel `detail_transaksi`
--

INSERT INTO `detail_transaksi` (`Kode_transaksi`, `kode_barang`, `jumlah`, `harga`, `total`, `id`, `tanggal`) VALUES
('T1001', 'P19041201', 1, 5300000, 5300000, 1, '03/01/2016'),
('T1002', 'P19041250', 1, 2850000, 2850000, 2, '03/01/2016'),
('T1002', 'P19041307', 1, 200000, 200000, 3, '03/01/2016'),
('T1002', 'P19041309', 1, 200000, 200000, 4, '03/01/2016'),
('T1003', 'P19041331', 1, 3050000, 3050000, 5, '03/01/2016'),
('T1004', 'P19041263', 1, 2850000, 2850000, 6, '04/01/2016'),
('T1005', 'P19041205', 1, 3400000, 3400000, 7, '04/01/2016'),
('T1006', 'P19041222', 1, 3800000, 3800000, 8, '04/01/2016'),
('T1006', 'P19041247', 1, 1400000, 1400000, 9, '04/01/2016'),
('T1006', 'P19041277', 1, 2650000, 2650000, 10, '04/01/2016'),
('T1007', 'P19041298', 1, 4500000, 4500000, 11, '05/01/2016'),
('T1008', 'P19041304', 1, 2850000, 2850000, 12, '05/01/2016'),
('T1009', 'P19041322', 1, 3350000, 3350000, 13, '05/01/2016'),
('T1010', 'P19041332', 2, 450000, 900000, 14, '05/01/2016'),
('T1011', 'P19041283', 1, 1600000, 1600000, 15, '06/01/2016'),
('T1011', 'P19041304', 1, 2850000, 2850000, 16, '06/01/2016'),
('T1012', 'P19041247', 1, 1400000, 1400000, 17, '06/01/2016'),
('T1012', 'P19041274', 1, 2415000, 2415000, 18, '06/01/2016'),
('T1012', 'P19041307', 2, 200000, 400000, 19, '06/01/2016'),
('T1012', 'P19041309', 2, 200000, 400000, 20, '06/01/2016'),
('T1013', 'P19041312', 1, 1700000, 1700000, 21, '07/01/2016'),
('T1014', 'P19041286', 1, 2900000, 2900000, 22, '07/01/2016'),
('T1015', 'P19041292', 1, 3400000, 3400000, 23, '07/01/2016'),
('T1016', 'P19041249', 1, 2450000, 2450000, 24, '07/01/2016'),
('T1016', 'P19041308', 2, 170000, 340000, 25, '07/01/2016'),
('T1016', 'P19041310', 1, 170000, 170000, 26, '07/01/2016'),
('T1017', 'P19041301', 1, 2000000, 2000000, 27, '08/01/2016'),
('T1017', 'P19041299', 1, 1600000, 1600000, 28, '08/01/2016'),
('T1018', 'P19041293', 1, 3400000, 3400000, 29, '09/01/2016'),
('T1019', 'P19041286', 1, 2900000, 2900000, 30, '09/01/2016'),
('T1020', 'P19041291', 1, 2850000, 2850000, 31, '10/01/2016'),
('T1020', 'P19041299', 1, 1600000, 1600000, 32, '10/01/2016'),
('T1021', 'P19041305', 1, 1050000, 1050000, 33, '10/01/2016'),
('T1022', 'P19041328', 1, 2350000, 2350000, 34, '10/01/2016'),
('T1023', 'P19041339', 1, 1650000, 1650000, 35, '10/01/2016'),
('T1023', 'P19041332', 1, 450000, 450000, 36, '10/01/2016'),
('T1024', 'P19041331', 1, 3050000, 3050000, 37, '10/01/2016'),
('T1024', 'P19041278', 1, 1800000, 1800000, 38, '10/01/2016'),
('T1025', 'P19041234', 1, 3600000, 3600000, 39, '11/01/2016'),
('T1025', 'P19041228', 1, 3200000, 3200000, 40, '11/01/2016'),
('T1025', 'P19041307', 2, 200000, 400000, 41, '11/01/2016'),
('T1025', 'P19041309', 1, 200000, 200000, 42, '11/01/2016'),
('T1026', 'P19041315', 1, 2650000, 2650000, 43, '11/01/2016'),
('T1027', 'P19041242', 1, 3300000, 3300000, 44, '13/01/2016'),
('T1027', 'P19041274', 1, 2415000, 2415000, 45, '13/01/2016'),
('T1028', 'P19041257', 1, 3700000, 3700000, 46, '13/01/2016'),
('T1029', 'P19041251', 3, 2100000, 6300000, 47, '14/01/2016'),
('T1029', 'P19041236', 4, 2850000, 11400000, 48, '14/01/2016'),
('T1029', 'P19041240', 2, 1600000, 3200000, 49, '14/01/2016'),
('T1030', 'P19041242', 1, 3300000, 3300000, 50, '15/01/2016'),
('T1030', 'P19041265', 1, 1800000, 1800000, 51, '15/01/2016'),
('T1030', 'P19041278', 1, 1800000, 1800000, 52, '15/01/2016'),
('T1030', 'P19041308', 2, 170000, 340000, 53, '15/01/2016'),
('T1031', 'P19041305', 1, 1050000, 1050000, 54, '15/01/2016'),
('T1032', 'P19041314', 1, 2420000, 2420000, 55, '15/01/2016'),
('T1032', 'P19041323', 1, 2100000, 2100000, 56, '15/01/2016'),
('T1033', 'P19041337', 1, 3900000, 3900000, 57, '16/01/2016'),
('T1033', 'P19041271', 1, 3150000, 3150000, 58, '16/01/2016'),
('T1033', 'P19041307', 1, 200000, 200000, 59, '16/01/2016'),
('T1033', 'P19041310', 1, 170000, 170000, 60, '16/01/2016'),
('T1034', 'P19041298', 1, 4500000, 4500000, 61, '18/01/2016'),
('T1035', 'P19041202', 1, 3600000, 3600000, 62, '18/01/2016'),
('T1036', 'P19041265', 1, 1800000, 1800000, 63, '20/01/2016'),
('T1037', 'P19041260', 1, 3900000, 3900000, 64, '20/01/2016'),
('T1038', 'P19041251', 1, 2100000, 2100000, 65, '20/01/2016'),
('T1038', 'P19041273', 1, 2350000, 2350000, 66, '20/01/2016'),
('T1038', 'P19041308', 2, 170000, 340000, 67, '20/01/2016'),
('T1038', 'P19041310', 2, 170000, 340000, 68, '20/01/2016'),
('T1039', 'P19041317', 1, 2350000, 2350000, 69, '21/01/2016'),
('T1040', 'P19041321', 1, 3350000, 3350000, 70, '22/01/2016'),
('T1040', 'P19041305', 1, 1050000, 1050000, 71, '22/01/2016'),
('T1041', 'P19041300', 2, 1800000, 3600000, 72, '22/01/2016'),
('T1041', 'P19041305', 1, 1050000, 1050000, 73, '22/01/2016'),
('T1041', 'P19041299', 1, 1600000, 1600000, 74, '22/01/2016'),
('T1042', 'P19041330', 1, 3400000, 3400000, 75, '23/01/2016'),
('T1042', 'P19041338', 1, 3600000, 3600000, 76, '23/01/2016'),
('T1043', 'P19041332', 3, 450000, 1350000, 77, '24/01/2016'),
('T1044', 'P19041326', 1, 5000000, 5000000, 78, '24/01/2016'),
('T1044', 'P19041333', 1, 2350000, 2350000, 79, '24/01/2016'),
('T1045', 'P19041280', 1, 3700000, 3700000, 80, '24/01/2016'),
('T1046', 'P19041256', 1, 3200000, 3200000, 81, '25/01/2016'),
('T1047', 'P19041290', 1, 3500000, 3500000, 82, '26/01/2016'),
('T1047', 'P19041285', 1, 2500000, 2500000, 83, '26/01/2016'),
('T1048', 'P19041291', 3, 2850000, 8550000, 84, '28/01/2016'),
('T1048', 'P19041293', 2, 3400000, 6800000, 85, '28/01/2016'),
('T1048', 'P19041287', 1, 3900000, 3900000, 86, '28/01/2016'),
('T1049', 'P19041281', 1, 1500000, 1500000, 87, '28/01/2016'),
('T1049', 'P19041297', 1, 4000000, 4000000, 88, '28/01/2016'),
('T1050', 'P19041297', 1, 4000000, 4000000, 89, '29/01/2016'),
('T1051', 'P19041312', 1, 1700000, 1700000, 90, '30/01/2016'),
('T1052', 'P19041320', 1, 2350000, 2350000, 91, '30/01/2016'),
('T1052', 'P19041305', 1, 1050000, 1050000, 92, '30/01/2016'),
('T1053', 'P19041341', 3, 2850000, 8550000, 93, '30/01/2016'),
('T1054', 'P19041330', 1, 3400000, 3400000, 94, '31/01/2016'),
('T1054', 'P19041280', 1, 3700000, 3700000, 95, '31/01/2016'),
('T1055', 'P19041274', 1, 3400000, 3400000, 96, '01/02/2016'),
('T1055', 'P19041239', 1, 1800000, 1800000, 97, '01/02/2016'),
('T1055', 'P19041308 ', 4, 170000, 680000, 98, '01/02/2016'),
('T1055', 'P19041310', 2, 170000, 340000, 99, '01/02/2016'),
('T1056', 'P19041305', 1, 1050000, 1050000, 100, '01/02/2016'),
('T1057', 'P19041301', 1, 2000000, 2000000, 101, '01/02/2016'),
('T1058', 'P19041247', 1, 1400000, 1400000, 102, '01/02/2016'),
('T1058', 'P19041272', 1, 1800000, 1800000, 103, '01/02/2016'),
('T1058', 'P19041307', 2, 200000, 400000, 104, '01/02/2016'),
('T1059', 'P19041254', 1, 3300000, 3300000, 105, '02/02/2016'),
('T1059', 'P19041257', 1, 3700000, 3700000, 106, '02/02/2016'),
('T1060', 'P19041293', 1, 3400000, 3400000, 107, '02/02/2016'),
('T1060', 'P19041283', 1, 1600000, 1600000, 108, '02/02/2016'),
('T1061', 'P19041250', 1, 2850000, 2850000, 109, '03/02/2016'),
('T1061', 'P19041308', 2, 170000, 340000, 110, '03/02/2016'),
('T1061', 'P19041310', 1, 170000, 170000, 111, '03/02/2016'),
('T1062', 'P19041315', 1, 2650000, 2650000, 112, '04/02/2016'),
('T1062', 'P19041323', 1, 3400000, 3400000, 113, '04/02/2016'),
('T1063', 'P19041307', 6, 200000, 1200000, 114, '04/02/2016'),
('T1064', 'P19041298', 1, 4500000, 4500000, 115, '04/02/2016'),
('T1064', 'P19041319', 1, 2000000, 2000000, 116, '04/02/2016'),
('T1065', 'P19041295', 1, 2850000, 2850000, 117, '04/02/2016'),
('T1066', 'P19041271', 1, 2850000, 2850000, 118, '04/02/2016'),
('T1066', 'P19041241', 1, 1950000, 1950000, 119, '04/02/2016'),
('T1067', 'P19041308', 1, 170000, 170000, 120, '04/02/2016'),
('T1067', 'P19041332', 1, 450000, 450000, 121, '04/02/2016'),
('T1068', 'P19041325', 1, 2350000, 2350000, 122, '05/02/2016'),
('T1069', 'P19041302', 1, 2350000, 2350000, 123, '05/02/2016'),
('T1069', 'P19041279', 1, 1600000, 1600000, 124, '05/02/2016'),
('T1069', 'P19041316', 1, 2850000, 2850000, 125, '05/02/2016'),
('T1070', 'P19041284', 1, 2000000, 2000000, 126, '05/02/2016'),
('T1071', 'P19041329', 2, 3300000, 6600000, 127, '05/02/2016'),
('T1072', 'P19041332', 2, 450000, 900000, 128, '05/02/2016'),
('T1073', 'P19041324', 1, 2100000, 2100000, 129, '05/02/2016'),
('T1074', 'P19041337', 1, 3900000, 3900000, 130, '06/02/2016'),
('T1074', 'P19041327', 1, 2850000, 2850000, 131, '06/02/2016'),
('T1075', 'P19041312', 1, 1700000, 1700000, 132, '07/02/2016'),
('T1075', 'P19041340', 1, 2350000, 2350000, 133, '07/02/2016'),
('T1076', 'P19041311', 1, 350000, 350000, 134, '07/02/2016'),
('T1076', 'P19041332', 1, 450000, 450000, 135, '07/02/2016'),
('T1076', 'P19041308', 1, 170000, 170000, 136, '07/02/2016'),
('T1076', 'P19041310', 1, 170000, 170000, 137, '07/02/2016'),
('T1077', 'P19041264', 1, 2350000, 2350000, 138, '07/02/2016'),
('T1078', 'P19041217', 1, 3150000, 3150000, 139, '08/02/2016'),
('T1078', 'P19041237', 1, 2500000, 2500000, 140, '08/02/2016'),
('T1078', 'P19041308', 1, 170000, 170000, 141, '08/02/2016'),
('T1078', 'P19041310', 1, 170000, 170000, 142, '08/02/2016'),
('T1079', 'P19041233', 1, 3900000, 3900000, 143, '08/02/2016'),
('T1080', 'P19041267', 1, 2350000, 2350000, 144, '09/02/2016'),
('T1080', 'P19041285', 1, 2500000, 2500000, 145, '09/02/2016'),
('T1080', 'P19041298', 1, 4500000, 4500000, 146, '09/02/2016'),
('T1080', 'P19041251', 1, 2100000, 2100000, 147, '09/02/2016'),
('T1080', 'P19041308', 2, 170000, 340000, 148, '09/02/2016'),
('T1080', 'P19041310', 1, 170000, 170000, 149, '09/02/2016'),
('T1081', 'P19041321', 1, 4000000, 4000000, 150, '09/02/2016'),
('T1081', 'P19041326', 1, 5000000, 5000000, 151, '09/02/2016'),
('T1082', 'P19041313', 1, 1100000, 1100000, 152, '10/02/2016'),
('T1082', 'P19041299', 1, 1600000, 1600000, 153, '10/02/2016'),
('T1083', 'P19041336', 1, 3200000, 3200000, 154, '10/02/2016'),
('T1084', 'P19041314', 1, 2420000, 2420000, 155, '10/02/2016'),
('T1085', 'P19041294', 1, 3900000, 3900000, 156, '10/02/2016'),
('T1086', 'P19041272', 1, 1800000, 1800000, 157, '11/02/2016'),
('T1087', 'P19041246', 3, 1800000, 5400000, 158, '12/02/2016'),
('T1087', 'P19041242', 4, 3300000, 13200000, 159, '12/02/2016'),
('T1087', 'P19041236', 3, 2850000, 8550000, 160, '12/02/2016'),
('T1087', 'P19041250', 3, 2850000, 8550000, 161, '12/02/2016'),
('T1088', 'P19041251', 1, 2100000, 2100000, 162, '13/02/2016'),
('T1088', 'P19041270', 1, 1700000, 1700000, 163, '13/02/2016'),
('T1089', 'P19041258', 1, 3900000, 3900000, 164, '13/02/2016'),
('T1090', 'P19041280', 1, 3700000, 3700000, 165, '13/02/2016'),
('T1091', 'P19041298', 1, 4500000, 4500000, 166, '13/02/2016'),
('T1092', 'P19041289', 1, 3200000, 3200000, 167, '13/02/2016'),
('T1092', 'P19041286', 1, 2900000, 2900000, 168, '13/02/2016'),
('T1093', 'P19041302', 1, 2850000, 2850000, 169, '14/02/2016'),
('T1094', 'P19041332', 6, 450000, 2700000, 170, '14/02/2016'),
('T1094', 'P19041308', 6, 170000, 1020000, 171, '14/02/2016'),
('T1095', 'P19041297', 1, 4000000, 4000000, 172, '14/02/2016'),
('T1095', 'P19041315', 1, 2650000, 2650000, 173, '14/02/2016'),
('T1096', 'P19041256', 1, 3200000, 3200000, 174, '15/02/2016'),
('T1097', 'P19041275', 1, 3400000, 3400000, 175, '16/02/2016'),
('T1098', 'P19041293', 1, 3400000, 3400000, 176, '17/02/2016'),
('T1099', 'P19041257', 1, 3700000, 3700000, 177, '18/02/2016'),
('T1099', 'P19041307', 2, 200000, 400000, 178, '18/02/2016'),
('T1099', 'P19041310', 2, 170000, 340000, 179, '18/02/2016'),
('T1100', 'P19041290', 1, 3500000, 3500000, 180, '18/02/2016'),
('T1101', 'P19041314', 1, 2420000, 2420000, 181, '18/02/2016'),
('T1102', 'P19041306', 2, 1050000, 2100000, 182, '18/02/2016'),
('T1102', 'P19041322', 1, 3350000, 3350000, 183, '18/02/2016'),
('T1103', 'P19041284', 1, 2000000, 2000000, 184, '19/02/2016'),
('T1103', 'P19041298', 1, 4500000, 4500000, 185, '19/02/2016'),
('T1103', 'P19041250', 1, 2850000, 2850000, 186, '19/02/2016'),
('T1103', 'P19041209', 1, 2650000, 2650000, 187, '19/02/2016'),
('T1103', 'P19041307', 2, 200000, 400000, 188, '19/02/2016'),
('T1103', 'P19041309', 1, 200000, 200000, 189, '19/02/2016'),
('T1104', 'P19041289', 1, 3200000, 3200000, 190, '20/02/2016'),
('T1105', 'P19041287', 1, 3900000, 3900000, 191, '21/02/2016'),
('T1106', 'P19041280', 1, 3700000, 3700000, 192, '21/02/2016'),
('T1107', 'P19041269', 1, 2850000, 2850000, 193, '21/02/2016'),
('T1107', 'P19041249', 1, 2450000, 2450000, 194, '21/02/2016'),
('T1107', 'P19041307', 2, 200000, 400000, 195, '21/02/2016'),
('T1107', 'P19041309', 1, 200000, 200000, 196, '21/02/2016'),
('T1108', 'P19041277', 1, 2650000, 2650000, 197, '22/02/2016'),
('T1109', 'P19041298', 1, 4500000, 4500000, 198, '23/02/2016'),
('T1110', 'P19041263', 2, 2850000, 5700000, 199, '23/02/2016'),
('T1111', 'P19041212', 3, 3400000, 10200000, 200, '24/02/2016'),
('T1111', 'P19041210', 1, 2950000, 2950000, 201, '24/02/2016'),
('T1111', 'P19041242', 4, 3300000, 13200000, 202, '24/02/2016'),
('T1112', 'P19041231', 1, 3300000, 3300000, 203, '25/02/2016'),
('T1112', 'P19041284', 1, 2000000, 2000000, 204, '25/02/2016'),
('T1112', 'P19041250', 1, 2850000, 2850000, 205, '25/02/2016'),
('T1112', 'P19041298', 1, 4500000, 4500000, 206, '25/02/2016'),
('T1113', 'P19041304', 1, 2850000, 2850000, 207, '26/02/2016'),
('T1114', 'P19041314', 1, 2420000, 2420000, 208, '26/02/2016'),
('T1115', 'P19041308', 4, 170000, 680000, 209, '26/02/2016'),
('T1116', 'P19041305', 1, 1050000, 1050000, 210, '27/02/2016'),
('T1117', 'P19041317', 1, 2350000, 2350000, 211, '28/02/2016'),
('T1117', 'P19041338', 1, 3600000, 3600000, 212, '28/02/2016'),
('T1118', 'P19041321', 1, 4000000, 4000000, 213, '29/02/2016'),
('T1119', 'P19041329', 1, 3300000, 3300000, 214, '29/02/2016'),
('T1120', 'P19041250', 3, 2850000, 8550000, 215, '29/02/2016'),
('T1120', 'P19041242', 1, 3300000, 3300000, 216, '29/02/2016'),
('T1120', 'P19041238', 3, 4430000, 13290000, 217, '29/02/2016'),
('T1120', 'P19041237', 2, 2500000, 5000000, 218, '29/02/2016'),
('T1121', 'P19041276', 1, 3400000, 3400000, 219, '29/02/2016'),
('T1122', 'P19041287', 1, 3900000, 3900000, 220, '01/03/2016'),
('T1123', 'P19041267', 1, 2350000, 2350000, 221, '02/03/2016'),
('T1124', 'P19041281', 1, 1500000, 1500000, 222, '03/03/2016'),
('T1125', 'P19041321', 1, 4000000, 4000000, 223, '05/03/2016'),
('T1125', 'P19041337', 1, 3900000, 3900000, 224, '05/03/2016'),
('T1125', 'P19041302', 1, 2850000, 2850000, 225, '05/03/2016'),
('T1125', 'P19041306', 1, 1700000, 1700000, 226, '05/03/2016'),
('T1126', 'P19041318', 1, 2200000, 2200000, 227, '05/03/2016'),
('T1127', 'P19041304', 1, 1050000, 1050000, 228, '05/03/2016'),
('T1128', 'P19041296', 1, 2900000, 2900000, 229, '06/03/2016'),
('T1129', 'P19041298', 1, 4500000, 4500000, 230, '07/03/2016'),
('T1130', 'P19041238', 1, 4430000, 4430000, 231, '07/03/2016'),
('T1130', 'P19041307', 2, 200000, 400000, 232, '07/03/2016'),
('T1130', 'P19041309', 1, 200000, 200000, 233, '07/03/2016'),
('T1131', 'P19041311', 1, 350000, 350000, 234, '08/03/2016'),
('T1132', 'P19041282', 1, 1800000, 1800000, 235, '08/03/2016'),
('T1133', 'P19041265', 1, 1800000, 1800000, 236, '08/03/2016'),
('T1134', 'P19041225', 1, 4000000, 4000000, 237, '08/03/2016'),
('T1134', 'P19041236', 1, 2850000, 2850000, 238, '08/03/2016'),
('T1134', 'P19041279', 1, 1600000, 1600000, 239, '08/03/2016'),
('T1134', 'P19041290', 1, 3500000, 3500000, 240, '08/03/2016'),
('T1135', 'P19041257', 1, 3700000, 3700000, 241, '09/03/2016'),
('T1135', 'P19041307', 2, 200000, 400000, 242, '09/03/2016'),
('T1135', 'P19041309', 1, 200000, 200000, 243, '09/03/2016'),
('T1136', 'P19041284', 1, 2000000, 2000000, 244, '10/03/2016'),
('T1137', 'P19041257', 1, 3700000, 3700000, 245, '10/03/2016'),
('T1138', 'P19041269', 1, 2850000, 2850000, 246, '10/03/2016'),
('T1139', 'P19041270', 1, 1700000, 1700000, 247, '10/03/2016'),
('T1139', 'P19041252', 1, 2350000, 2350000, 248, '10/03/2016'),
('T1140', 'P19041315', 1, 2650000, 2650000, 249, '11/03/2016'),
('T1141', 'P19041320', 1, 2350000, 2350000, 250, '11/03/2016'),
('T1142', 'P19041312', 1, 1700000, 1700000, 251, '12/03/2016'),
('T1143', 'P19041298', 1, 4500000, 4500000, 252, '13/03/2016'),
('T1144', 'P19041209', 1, 2650000, 2650000, 253, '14/03/2016'),
('T1144', 'P19041246', 1, 1800000, 1800000, 254, '14/03/2016'),
('T1144', 'P19041280', 1, 3700000, 3700000, 255, '14/03/2016'),
('T1144', 'P19041294', 1, 3090000, 3090000, 256, '14/03/2016'),
('T1144', 'P19041308', 1, 170000, 170000, 257, '14/03/2016'),
('T1144', 'P19041310', 1, 170000, 170000, 258, '14/03/2016'),
('T1145', 'P19041301', 1, 2000000, 2000000, 259, '14/03/2016'),
('T1146', 'P19041325', 1, 2350000, 2350000, 260, '14/03/2016'),
('T1147', 'P19041281', 1, 1500000, 1500000, 261, '15/03/2016'),
('T1148', 'P19041259', 1, 3500000, 3500000, 262, '16/03/2016'),
('T1149', 'P19041285', 1, 2500000, 2500000, 263, '17/03/2016'),
('T1149', 'P19041316', 1, 2850000, 2850000, 264, '17/03/2016'),
('T1150', 'P19041289', 1, 3200000, 3200000, 265, '18/03/2016'),
('T1151', 'P19041305', 2, 1050000, 2100000, 266, '18/03/2016'),
('T1152', 'P19041302', 1, 2350000, 2350000, 267, '19/03/2016'),
('T1152', 'P19041279', 1, 1600000, 1600000, 268, '19/03/2016'),
('T1152', 'P19041316', 1, 2850000, 2850000, 269, '19/03/2016'),
('T1153', 'P19041319', 1, 2200000, 2200000, 270, '19/03/2016'),
('T1154', 'P19041329', 1, 3300000, 3300000, 271, '19/03/2016'),
('T1155', 'P19041341', 1, 2850000, 2850000, 272, '20/03/2016'),
('T1156', 'P19041292', 1, 3400000, 3400000, 273, '21/03/2016'),
('T1156', 'P19041275', 1, 3400000, 3400000, 274, '21/03/2016'),
('T1157', 'P19041228', 1, 3200000, 3200000, 275, '22/03/2016'),
('T1158', 'P19041235', 1, 2100000, 2100000, 276, '22/03/2016'),
('T1159', 'P19041280', 1, 3700000, 3700000, 277, '23/03/2016'),
('T1160', 'P19041228', 1, 3200000, 3200000, 278, '24/03/2016'),
('T1160', 'P19041250', 1, 2850000, 2850000, 279, '24/03/2016'),
('T1161', 'P19041297', 1, 4000000, 4000000, 280, '25/03/2016'),
('T1162', 'P19041302', 1, 2850000, 2850000, 281, '25/03/2016'),
('T1163', 'P19041317', 1, 2350000, 2350000, 282, '25/03/2016'),
('T1164', 'P19041322', 1, 3350000, 3350000, 283, '26/03/2016'),
('T1165', 'P19041329', 1, 3300000, 3300000, 284, '26/03/2016'),
('T1165', 'P19041316', 1, 2850000, 2850000, 285, '26/03/2016'),
('T1165', 'P19041304', 1, 2850000, 2850000, 286, '26/03/2016'),
('T1165', 'P19041305', 1, 1050000, 1050000, 287, '26/03/2016'),
('T1166', 'P19041291', 1, 2850000, 2850000, 288, '27/03/2016'),
('T1167', 'P19041301', 1, 2000000, 2000000, 289, '28/03/2016'),
('T1168', 'P19041320', 1, 2350000, 2350000, 290, '29/03/2016'),
('T1169', 'P19041245', 1, 1300000, 1300000, 291, '29/03/2016'),
('T1169', 'P19041274', 1, 2415000, 2415000, 292, '29/03/2016'),
('T1169', 'P19041285', 1, 2500000, 2500000, 293, '29/03/2016'),
('T1169', 'P19041298', 1, 4500000, 4500000, 294, '29/03/2016'),
('T1170', 'P19041278', 1, 1800000, 1800000, 295, '29/03/2016'),
('T1171', 'P19041289', 1, 3200000, 3200000, 296, '30/03/2016'),
('T1172', 'P19041304', 1, 2850000, 2850000, 297, '31/03/2016'),
('T1173', 'P19041315', 1, 2650000, 2650000, 298, '01/04/2016'),
('T1173', 'P19041305', 1, 1050000, 1050000, 299, '01/04/2016'),
('T1174', 'P19041331', 1, 3050000, 3050000, 300, '01/04/2016'),
('T1175', 'P19041341', 1, 2850000, 2850000, 301, '01/04/2016'),
('T1176', 'P19041326', 1, 5000000, 5000000, 302, '02/04/2016'),
('T1177', 'P19041286', 1, 2900000, 2900000, 303, '03/04/2016'),
('T1177', 'P19041306', 1, 1700000, 1700000, 304, '03/04/2016'),
('T1178', 'P19041280', 1, 3700000, 3700000, 305, '03/04/2016'),
('T1179', 'P19041304', 1, 2850000, 2850000, 306, '03/04/2016'),
('T1180', 'P19041285', 1, 2500000, 2500000, 307, '03/04/2016'),
('T1180', 'P19041274', 1, 2415000, 2415000, 308, '03/04/2016'),
('T1180', 'P19041248', 1, 2200000, 2200000, 309, '03/04/2016'),
('T1180', 'P19041292', 1, 3400000, 3400000, 310, '03/04/2016'),
('T1180', 'P19041308', 2, 170000, 340000, 311, '03/04/2016'),
('T1181', 'P19041320', 1, 2350000, 2350000, 312, '04/04/2016'),
('T1182', 'P19041329', 1, 3300000, 3300000, 313, '04/04/2016'),
('T1183', 'P19041336', 1, 3200000, 3200000, 314, '05/04/2016'),
('T1184', 'P19041332', 1, 450000, 450000, 315, '06/04/2016'),
('T1185', 'P19041331', 1, 3050000, 3050000, 316, '07/04/2016'),
('T1185', 'P19041337', 1, 3900000, 3900000, 317, '07/04/2016'),
('T1186', 'P19041289', 1, 3200000, 3200000, 318, '08/04/2016'),
('T1187', 'P19041283', 1, 1600000, 1600000, 319, '09/04/2016'),
('T1188', 'P19041286', 1, 2900000, 2900000, 320, '09/04/2016'),
('T1189', 'P19041290', 1, 3500000, 3500000, 321, '09/04/2016'),
('T1190', 'P19041302', 1, 2850000, 2850000, 322, '10/04/2016'),
('T1190', 'P19041288', 1, 3200000, 3200000, 323, '10/04/2016'),
('T1190', 'P19041269', 1, 2850000, 2850000, 324, '10/04/2016'),
('T1191', 'P19041274', 1, 2415000, 2415000, 325, '10/04/2016'),
('T1192', 'P19041258', 1, 3900000, 3900000, 326, '11/04/2016'),
('T1193', 'P19041256', 1, 3200000, 3200000, 327, '12/04/2016'),
('T1193', 'P19041251', 1, 2100000, 2100000, 328, '12/04/2016'),
('T1194', 'P19041327', 1, 2850000, 2850000, 329, '12/04/2016'),
('T1195', 'P19041293', 1, 3400000, 3400000, 330, '13/04/2016'),
('T1196', 'P19041307', 1, 200000, 200000, 331, '14/04/2016'),
('T1196', 'P19041309', 1, 200000, 200000, 332, '14/04/2016'),
('T1197', 'P19041234', 1, 3600000, 3600000, 333, '15/04/2016'),
('T1198', 'P19041264', 1, 2350000, 2350000, 334, '15/04/2016'),
('T1199', 'P19041302', 1, 2850000, 2850000, 335, '16/04/2016'),
('T1200', 'P19041302', 1, 2850000, 2850000, 336, '17/04/2016'),
('T1200', 'P19041283', 1, 1600000, 1600000, 337, '17/04/2016'),
('T1200', 'P19041249', 1, 2450000, 2450000, 338, '17/04/2016'),
('T1200', 'P19041228', 1, 3200000, 3200000, 339, '17/04/2016'),
('T1201', 'P19041246', 1, 1800000, 1800000, 340, '17/04/2016'),
('T1202', 'P19041202', 1, 3600000, 3600000, 341, '18/04/2016'),
('T1203', 'P19041207', 1, 2750000, 2750000, 342, '19/04/2016'),
('T1203', 'P19041294', 1, 3090000, 3090000, 343, '19/04/2016'),
('T1203', 'P19041282', 1, 1800000, 1800000, 344, '19/04/2016'),
('T1204', 'P19041277', 1, 2650000, 2650000, 345, '20/04/2016'),
('T1205', 'P19041285', 1, 2500000, 2500000, 346, '21/04/2016'),
('T1206', 'P19041312', 1, 1700000, 1700000, 347, '21/04/2016'),
('T1207', 'P19041325', 1, 2350000, 2350000, 348, '22/04/2016'),
('T1208', 'P19041335', 1, 3200000, 3200000, 349, '23/04/2016'),
('T1208', 'P19041301', 1, 2000000, 2000000, 350, '23/04/2016'),
('T1209', 'P19041286', 1, 2900000, 2900000, 351, '23/04/2016'),
('T1210', 'P19041301', 1, 2000000, 2000000, 352, '23/04/2016'),
('T1211', 'P19041272', 1, 1800000, 1800000, 353, '24/04/2016'),
('T1211', 'P19041251', 1, 2100000, 2100000, 354, '24/04/2016'),
('T1211', 'P19041307', 1, 200000, 200000, 355, '24/04/2016'),
('T1211', 'P19041309', 1, 200000, 200000, 356, '24/04/2016'),
('T1212', 'P19041316', 1, 2850000, 2850000, 357, '25/04/2016'),
('T1213', 'P19041280', 1, 3700000, 3700000, 358, '26/04/2016'),
('T1214', 'P19041296', 1, 3900000, 3900000, 359, '27/04/2016'),
('T1215', 'P19041287', 1, 3900000, 3900000, 360, '28/04/2016'),
('T1216', 'P19041270', 1, 1700000, 1700000, 361, '28/04/2016'),
('T1216', 'P19041281', 1, 1500000, 1500000, 362, '28/04/2016'),
('T1216', 'P19041294', 1, 3090000, 3090000, 363, '28/04/2016'),
('T1216', 'P19041299', 1, 1600000, 1600000, 364, '28/04/2016'),
('T1217', 'P19041325', 1, 2100000, 2100000, 365, '29/04/2016'),
('T1218', 'P19041332', 1, 450000, 450000, 366, '30/04/2016'),
('T1219', 'P19041333', 1, 2350000, 2350000, 367, '30/04/2016'),
('T1220', 'P19041290', 1, 3500000, 3500000, 368, '01/05/2016'),
('T1221', 'P19041277', 1, 2650000, 2650000, 369, '01/05/2016'),
('T1221', 'P19041299', 1, 1600000, 1600000, 370, '01/05/2016'),
('T1221', 'P19041305', 1, 1050000, 1050000, 371, '01/05/2016'),
('T1222', 'P19041326', 1, 5000000, 5000000, 372, '01/05/2016'),
('T1223', 'P19041335', 1, 3200000, 3200000, 373, '01/05/2016'),
('T1224', 'P19041320', 1, 2350000, 2350000, 374, '02/05/2016'),
('T1225', 'P19041275', 1, 3400000, 3400000, 375, '02/05/2016'),
('T1226', 'P19041289', 1, 3200000, 3200000, 376, '03/05/2016'),
('T1226', 'P19041292', 1, 3400000, 3400000, 377, '03/05/2016'),
('T1227', 'P19041260', 1, 3900000, 3900000, 378, '04/05/2016'),
('T1227', 'P19041299', 1, 1600000, 1600000, 379, '04/05/2016'),
('T1227', 'P19041305', 1, 1050000, 1050000, 380, '04/05/2016'),
('T1228', 'P19041335', 1, 3200000, 3200000, 381, '04/05/2016'),
('T1229', 'P19041311', 1, 350000, 350000, 382, '04/05/2016'),
('T1230', 'P19041294', 1, 3090000, 3090000, 383, '04/05/2016'),
('T1231', 'P19041274', 1, 3400000, 3400000, 384, '04/05/2016'),
('T1231', 'P19041239', 1, 1800000, 1800000, 385, '04/05/2016'),
('T1231', 'P19041308 ', 4, 170000, 680000, 386, '04/05/2016'),
('T1231', 'P19041310', 2, 170000, 340000, 387, '04/05/2016'),
('T1232', 'P19041323', 1, 3400000, 3400000, 388, '05/05/2016'),
('T1233', 'P19041314', 1, 2420000, 2420000, 389, '06/05/2016'),
('T1234', 'P19041339', 1, 1650000, 1650000, 390, '07/05/2016'),
('T1235', 'P19041285', 1, 2500000, 2500000, 391, '07/05/2016'),
('T1236', 'P19041260', 1, 3900000, 3900000, 392, '07/05/2016'),
('T1236', 'P19041308', 1, 170000, 170000, 393, '07/05/2016'),
('T1237', 'P19041313', 1, 1100000, 1100000, 394, '07/05/2016'),
('T1238', 'P19041291', 1, 2850000, 2850000, 395, '08/05/2016'),
('T1239', 'P19041292', 1, 3400000, 3400000, 396, '08/05/2016'),
('T1240', 'P19041291', 1, 2850000, 2850000, 397, '08/05/2016'),
('T1240', 'P19041269', 1, 2850000, 2850000, 398, '08/05/2016'),
('T1240', 'P19041249', 1, 2450000, 2450000, 399, '08/05/2016'),
('T1240', 'P19041307', 2, 200000, 400000, 400, '08/05/2016'),
('T1240', 'P19041309', 1, 200000, 200000, 401, '08/05/2016'),
('T1241', 'P19041310', 3, 170000, 510000, 402, '09/05/2016'),
('T1242', 'P19041266', 1, 2350000, 2350000, 403, '09/05/2016'),
('T1243', 'P19041257', 1, 3700000, 3700000, 404, '10/05/2016'),
('T1244', 'P19041289', 1, 3200000, 3200000, 405, '11/05/2016'),
('T1244', 'P19041242', 1, 3300000, 3300000, 406, '11/05/2016'),
('T1244', 'P19041221', 1, 3300000, 3300000, 407, '11/05/2016'),
('T1245', 'P19041302', 1, 2850000, 2850000, 408, '11/05/2016'),
('T1246', 'P19041295', 1, 2850000, 2850000, 409, '11/05/2016'),
('T1247', 'P19041302', 1, 2850000, 2850000, 410, '11/05/2016'),
('T1248', 'P19041305', 1, 1050000, 1050000, 411, '12/05/2016'),
('T1249', 'P19041319', 1, 2000000, 2000000, 412, '12/05/2016'),
('T1250', 'P19041329', 1, 3300000, 3300000, 413, '12/05/2016'),
('T1251', 'P19041335', 1, 3200000, 3200000, 414, '12/05/2016'),
('T1252', 'P19041295', 1, 2850000, 2850000, 415, '13/05/2016'),
('T1252', 'P19041281', 1, 1500000, 1500000, 416, '13/05/2016'),
('T1252', 'P19041248', 1, 2200000, 2200000, 417, '13/05/2016'),
('T1252', 'P19041269', 1, 2850000, 2850000, 418, '13/05/2016'),
('T1252', 'P19041323', 1, 3400000, 3400000, 419, '13/05/2016'),
('T1253', 'P19041302', 1, 2850000, 2850000, 420, '13/05/2016'),
('T1254', 'P19041304', 1, 2850000, 2850000, 421, '14/05/2016'),
('T1255', 'P19041331', 1, 3050000, 3050000, 422, '14/05/2016'),
('T1256', 'P19041305', 1, 1050000, 1050000, 423, '14/05/2016'),
('T1257', 'P19041284', 1, 2000000, 2000000, 424, '15/05/2016'),
('T1258', 'P19041298', 1, 4500000, 4500000, 425, '16/05/2016'),
('T1258', 'P19041287', 1, 3900000, 3900000, 426, '16/05/2016'),
('T1259', 'P19041306', 1, 1700000, 1700000, 427, '17/05/2016'),
('T1260', 'P19041316', 1, 2850000, 2850000, 428, '17/05/2016'),
('T1261', 'P19041324', 1, 2100000, 2100000, 429, '17/05/2016'),
('T1262', 'P19041340', 1, 1600000, 1600000, 430, '17/05/2016'),
('T1263', 'P19041300', 1, 1800000, 1800000, 431, '18/05/2016'),
('T1264', 'P19041268', 1, 2750000, 2750000, 432, '19/05/2016'),
('T1265', 'P19041293', 1, 3400000, 3400000, 433, '19/05/2016'),
('T1265', 'P19041276', 1, 3400000, 3400000, 434, '19/05/2016'),
('T1265', 'P19041282', 1, 1800000, 1800000, 435, '19/05/2016'),
('T1266', 'P19041321', 1, 3300000, 3300000, 436, '19/05/2016'),
('T1267', 'P19041217', 1, 3150000, 3150000, 437, '20/05/2016'),
('T1268', 'P19041210', 1, 2950000, 2950000, 438, '21/05/2016'),
('T1269', 'P19041261', 1, 3400000, 3400000, 439, '22/05/2016'),
('T1270', 'P19041201', 1, 5300000, 5300000, 440, '23/05/2016'),
('T1270', 'P19041242', 1, 3300000, 3300000, 441, '23/05/2016'),
('T1270', 'P19041280', 1, 3700000, 3700000, 442, '23/05/2016'),
('T1270', 'P19041298', 1, 4500000, 4500000, 443, '23/05/2016'),
('T1270', 'P19041307', 1, 170000, 170000, 444, '23/05/2016'),
('T1270', 'P19041310', 1, 170000, 170000, 445, '23/05/2016'),
('T1271', 'P19041313', 1, 1100000, 1100000, 446, '23/05/2016'),
('T1272', 'P19041301', 1, 2000000, 2000000, 447, '24/05/2016'),
('T1273', 'P19041294', 1, 3090000, 3090000, 448, '25/05/2016'),
('T1274', 'P19041290', 1, 3500000, 3500000, 449, '25/05/2016'),
('T1275', 'P19041280', 1, 3700000, 3700000, 450, '25/05/2016'),
('T1276', 'P19041283', 1, 1600000, 1600000, 451, '26/05/2016'),
('T1277', 'P19041246', 4, 1800000, 7200000, 452, '27/05/2016'),
('T1277', 'P19041242', 4, 3300000, 13200000, 453, '27/05/2016'),
('T1277', 'P19041236', 2, 2850000, 5700000, 454, '27/05/2016'),
('T1277', 'P19041250', 5, 2850000, 14250000, 455, '27/05/2016'),
('T1278', 'P19041280', 1, 3700000, 3700000, 456, '28/05/2016'),
('T1279', 'P19041299', 1, 1600000, 1600000, 457, '28/05/2016'),
('T1280', 'P19041303', 1, 2350000, 2350000, 458, '29/05/2016'),
('T1281', 'P19041306', 1, 1700000, 1700000, 459, '29/05/2016'),
('T1282', 'P19041241', 1, 1950000, 1950000, 460, '30/05/2016'),
('T1282', 'P19041227', 1, 3400000, 3400000, 461, '30/05/2016'),
('T1282', 'P19041275', 1, 3400000, 3400000, 462, '30/05/2016'),
('T1282', 'P19041289', 1, 2500000, 2500000, 463, '30/05/2016'),
('T1283', 'P19041303', 1, 2350000, 2350000, 464, '31/05/2016'),
('T1283', 'P19041316', 1, 2850000, 2850000, 465, '31/05/2016'),
('T1284', 'P19041322', 1, 3350000, 3350000, 466, '01/06/2016'),
('T1285', 'P19041303', 1, 2350000, 2350000, 467, '01/06/2016'),
('T1286', 'P19041202', 1, 3600000, 3600000, 468, '01/06/2016'),
('T1286', 'P19041240', 1, 1600000, 1600000, 469, '01/06/2016'),
('T1286', 'P19041279', 1, 1600000, 1600000, 470, '01/06/2016'),
('T1286', 'P19041288', 1, 3400000, 3400000, 471, '01/06/2016'),
('T1286', 'P19041302', 1, 2850000, 2850000, 472, '01/06/2016'),
('T1286', 'P19041307', 2, 200000, 400000, 473, '01/06/2016'),
('T1286', 'P19041309', 2, 200000, 400000, 474, '01/06/2016'),
('T1287', 'P19041240', 1, 1600000, 1600000, 475, '01/06/2016'),
('T1287', 'P19041273', 1, 2350000, 2350000, 476, '01/06/2016'),
('T1287', 'P19041288', 1, 3400000, 3400000, 477, '01/06/2016'),
('T1287', 'P19041307', 2, 200000, 400000, 478, '01/06/2016'),
('T1287', 'P19041309', 1, 200000, 200000, 479, '01/06/2016'),
('T1288', 'P19041283', 1, 1600000, 1600000, 480, '02/06/2016'),
('T1289', 'P19041297', 1, 4000000, 4000000, 481, '02/06/2016'),
('T1289', 'P19041306', 1, 1700000, 1700000, 482, '02/06/2016'),
('T1289', 'P19041328', 1, 2350000, 2350000, 483, '02/06/2016'),
('T1290', 'P19041331', 1, 3050000, 3050000, 484, '03/06/2016'),
('T1290', 'P19041336', 1, 3200000, 3200000, 485, '03/06/2016'),
('T1290', 'P19041300', 1, 1800000, 1800000, 486, '03/06/2016'),
('T1291', 'P19041299', 1, 1600000, 1600000, 487, '03/06/2016'),
('T1292', 'P19041305', 1, 1050000, 1050000, 488, '03/06/2016'),
('T1293', 'P19041282', 1, 1800000, 1800000, 489, '03/06/2016'),
('T1293', 'P19041301', 1, 2000000, 2000000, 490, '03/06/2016'),
('T1294', 'P19041316', 1, 2850000, 2850000, 491, '03/06/2016'),
('T1294', 'P19041320', 1, 2350000, 2350000, 492, '03/06/2016'),
('T1295', 'P19041272', 1, 1800000, 1800000, 493, '04/06/2016'),
('T1296', 'P19041314', 1, 2420000, 2420000, 494, '04/06/2016'),
('T1296', 'P19041320', 1, 2350000, 2350000, 495, '04/06/2016'),
('T1296', 'P19041306', 1, 1700000, 1700000, 496, '04/06/2016'),
('T1297', 'P19041329', 1, 3300000, 3300000, 497, '04/06/2016'),
('T1298', 'P19041201', 1, 5300000, 5300000, 498, '04/06/2016'),
('T1298', 'P19041234', 1, 3600000, 3600000, 499, '04/06/2016'),
('T1298', 'P19041298', 1, 4500000, 4500000, 500, '04/06/2016'),
('T1298', 'P19041279', 1, 1600000, 1600000, 501, '04/06/2016'),
('T1299', 'P19041276', 1, 3400000, 3400000, 502, '04/06/2016'),
('T1300', 'P19041256', 1, 3200000, 3200000, 503, '05/06/2016'),
('T1301', 'P19041233', 3, 3900000, 11700000, 504, '05/06/2016'),
('T1301', 'P19041241', 4, 1950000, 7800000, 505, '05/06/2016'),
('T1301', 'P19041269', 2, 2850000, 5700000, 506, '05/06/2016'),
('T1301', 'P19041271', 3, 3150000, 9450000, 507, '05/06/2016'),
('T1302', 'P19041219', 1, 3050000, 3050000, 508, '06/06/2016'),
('T1302', 'P19041282', 1, 1800000, 1800000, 509, '06/06/2016'),
('T1303', 'P19041338', 1, 3600000, 3600000, 510, '06/06/2016'),
('T1304', 'P19041318', 1, 2200000, 2200000, 511, '06/06/2016'),
('T1305', 'P19041298', 1, 4500000, 4500000, 512, '06/06/2016'),
('T1306', 'P19041210', 1, 2950000, 2950000, 513, '06/06/2016'),
('T1306', 'P19041244', 1, 2100000, 2100000, 514, '06/06/2016'),
('T1306', 'P19041282', 1, 1800000, 1800000, 515, '06/06/2016'),
('T1306', 'P19041288', 1, 3400000, 3400000, 516, '06/06/2016'),
('T1306', 'P19041307', 1, 200000, 200000, 517, '06/06/2016'),
('T1306', 'P19041309', 1, 200000, 200000, 518, '06/06/2016'),
('T1307', 'P19041320', 1, 2350000, 2350000, 519, '06/06/2016'),
('T1308', 'P19041228', 1, 4000000, 4000000, 520, '07/06/2016'),
('T1309', 'P19041232', 1, 5000000, 5000000, 521, '08/06/2016'),
('T1309', 'P19041238', 1, 4430000, 4430000, 522, '08/06/2016'),
('T1310', 'P19041337', 1, 3900000, 3900000, 523, '08/06/2016'),
('T1311', 'P19041320', 1, 2350000, 2350000, 524, '09/06/2016'),
('T1312', 'P19041290', 1, 3500000, 3500000, 525, '10/06/2016'),
('T1313', 'P19041328', 1, 2350000, 2350000, 526, '11/06/2016'),
('T1314', 'P19041313', 1, 1100000, 1100000, 527, '11/06/2016'),
('T1315', 'P19041277', 1, 2650000, 2650000, 528, '11/06/2016'),
('T1315', 'P19041294', 1, 3090000, 3090000, 529, '11/06/2016'),
('T1315', 'P19041310', 1, 170000, 170000, 530, '11/06/2016'),
('T1315', 'P19041308', 1, 170000, 170000, 531, '11/06/2016'),
('T1316', 'P19041256', 1, 3200000, 3200000, 532, '11/06/2016'),
('T1316', 'P19041308', 1, 170000, 170000, 533, '11/06/2016'),
('T1316', 'P19041310', 1, 170000, 170000, 534, '11/06/2016'),
('T1317', 'P19041215', 1, 3900000, 3900000, 535, '12/06/2016'),
('T1317', 'P19041214', 1, 4500000, 4500000, 536, '12/06/2016'),
('T1318', 'P19041250', 1, 2850000, 2850000, 537, '12/06/2016'),
('T1318', 'P19041270', 1, 1700000, 1700000, 538, '12/06/2016'),
('T1318', 'P19041310', 1, 170000, 170000, 539, '12/06/2016'),
('T1318', 'P19041308', 1, 170000, 170000, 540, '12/06/2016'),
('T1319', 'P19041314', 1, 2420000, 2420000, 541, '13/06/2016'),
('T1320', 'P19041295', 1, 2850000, 2850000, 542, '14/06/2016'),
('T1321', 'P19041304', 1, 2850000, 2850000, 543, '14/06/2016'),
('T1322', 'P19041320', 1, 2350000, 2350000, 544, '14/06/2016'),
('T1322', 'P19041304', 1, 2850000, 2850000, 545, '14/06/2016'),
('T1323', 'P19041318', 1, 2200000, 2200000, 546, '14/06/2016'),
('T1324', 'P19041327', 1, 2850000, 2850000, 547, '15/06/2016'),
('T1325', 'P19041317', 1, 2350000, 2350000, 548, '15/06/2016'),
('T1326', 'P19041332', 2, 450000, 900000, 549, '16/06/2016'),
('T1327', 'P19041327', 1, 2850000, 2850000, 550, '17/06/2016'),
('T1327', 'P19041315', 1, 2850000, 2850000, 551, '17/06/2016'),
('T1327', 'P19041308', 1, 170000, 170000, 552, '17/06/2016'),
('T1327', 'P19041310', 1, 170000, 170000, 553, '17/06/2016'),
('T1328', 'P19041216', 1, 3250000, 3250000, 554, '17/06/2016'),
('T1329', 'P19041235', 1, 2350000, 2350000, 555, '17/06/2016'),
('T1330', 'P19041282', 1, 1800000, 1800000, 556, '18/06/2016'),
('T1331', 'P19041258', 1, 3900000, 3900000, 557, '18/06/2016'),
('T1332', 'P19041321', 1, 3300000, 3300000, 558, '18/06/2016'),
('T1333', 'P19041301', 1, 2200000, 2200000, 559, '18/06/2016'),
('T1333', 'P19041305', 1, 1100000, 1100000, 560, '18/06/2016'),
('T1334', 'P19041290', 1, 3500000, 3500000, 561, '19/06/2016'),
('T1335', 'P19041322', 1, 3500000, 3500000, 562, '19/06/2016'),
('T1335', 'P19041280', 1, 3500000, 3500000, 563, '19/06/2016'),
('T1336', 'P19041335', 1, 3200000, 3200000, 564, '20/06/2016'),
('T1336', 'P19041302', 1, 2850000, 2850000, 565, '20/06/2016'),
('T1336', 'P19041281', 1, 1500000, 1500000, 566, '20/06/2016'),
('T1337', 'P19041314', 1, 2420000, 2420000, 567, '20/06/2016'),
('T1338', 'P19041333', 1, 2350000, 2350000, 568, '20/06/2016'),
('T1339', 'P19041329', 1, 3300000, 3300000, 569, '21/06/2016'),
('T1340', 'P19041220', 1, 3400000, 3400000, 570, '22/06/2016'),
('T1340', 'P19041252', 1, 2350000, 2350000, 571, '22/06/2016'),
('T1340', 'P19041281', 1, 1500000, 1500000, 572, '22/06/2016'),
('T1341', 'P19041302', 1, 2850000, 2850000, 573, '23/06/2016'),
('T1342', 'P19041312', 1, 1700000, 1700000, 574, '23/06/2016'),
('T1343', 'P19041306', 1, 1800000, 1800000, 575, '24/06/2016'),
('T1343', 'P19041303', 1, 2350000, 2350000, 576, '24/06/2016'),
('T1344', 'P19041327', 1, 2850000, 2850000, 577, '24/06/2016'),
('T1345', 'P19041334', 1, 3200000, 3200000, 578, '24/06/2016'),
('T1346', 'P19041338', 1, 3800000, 3800000, 579, '25/06/2016'),
('T1347', 'P19041305', 1, 1100000, 1100000, 580, '26/06/2016'),
('T1348', 'P19041306', 1, 1800000, 1800000, 581, '26/06/2016'),
('T1348', 'P19041304', 1, 2850000, 2850000, 582, '26/06/2016'),
('T1349', 'P19041289', 1, 3200000, 3200000, 583, '26/06/2016'),
('T1349', 'P19041286', 1, 3000000, 3000000, 584, '26/06/2016'),
('T1350', 'P19041302', 1, 2850000, 2850000, 585, '27/06/2016'),
('T1351', 'P19041332', 6, 450000, 2700000, 586, '28/06/2016'),
('T1351', 'P19041308', 6, 170000, 1020000, 587, '28/06/2016'),
('T1352', 'P19041297', 1, 4000000, 4000000, 588, '28/06/2016'),
('T1352', 'P19041315', 1, 2550000, 2550000, 589, '28/06/2016'),
('T1353', 'P19041256', 1, 3200000, 3200000, 590, '28/06/2016'),
('T1354', 'P19041275', 1, 3400000, 3400000, 591, '29/06/2016'),
('T1355', 'P19041293', 1, 3400000, 3400000, 592, '30/06/2016'),
('T1356', 'P19041257', 1, 3700000, 3700000, 593, '01/07/2016'),
('T1356', 'P19041307', 2, 200000, 400000, 594, '01/07/2016'),
('T1356', 'P19041310', 2, 170000, 340000, 595, '01/07/2016'),
('T1357', 'P19041257', 1, 3700000, 3700000, 596, '01/07/2016'),
('T1358', 'P19041276', 1, 3400000, 3400000, 597, '01/07/2016'),
('T1359', 'P19041247', 1, 1600000, 1600000, 598, '02/07/2016'),
('T1360', 'P19041288', 1, 3400000, 3400000, 599, '02/07/2016'),
('T1361', 'P19041301', 1, 2200000, 2200000, 600, '02/07/2016'),
('T1361', 'P19041314', 1, 2420000, 2420000, 601, '02/07/2016'),
('T1361', 'P19041306', 1, 1800000, 1800000, 602, '02/07/2016'),
('T1362', 'P19041317', 1, 2350000, 2350000, 603, '03/07/2016'),
('T1363', 'P19041322', 1, 3350000, 3350000, 604, '03/07/2016'),
('T1364', 'P19041333', 1, 2350000, 2350000, 605, '04/07/2016'),
('T1365', 'P19041333', 1, 2350000, 2350000, 606, '04/07/2016'),
('T1366', 'P19041325', 1, 2350000, 2350000, 607, '04/07/2016'),
('T1367', 'P19041331', 1, 3050000, 3050000, 608, '04/07/2016'),
('T1367', 'P19041336', 1, 3200000, 3200000, 609, '04/07/2016'),
('T1368', 'P19041202', 1, 3600000, 3600000, 610, '05/07/2016'),
('T1368', 'P19041240', 1, 1600000, 1600000, 611, '05/07/2016'),
('T1368', 'P19041279', 1, 1600000, 1600000, 612, '05/07/2016'),
('T1368', 'P19041288', 1, 3400000, 3400000, 613, '05/07/2016'),
('T1368', 'P19041302', 1, 2850000, 2850000, 614, '05/07/2016'),
('T1368', 'P19041307', 2, 200000, 400000, 615, '05/07/2016'),
('T1368', 'P19041309', 2, 200000, 400000, 616, '05/07/2016'),
('T1369', 'P19041203', 1, 3500000, 3500000, 617, '05/07/2016'),
('T1369', 'P19041252', 1, 2350000, 2350000, 618, '05/07/2016'),
('T1369', 'P19041294', 1, 3090000, 3090000, 619, '05/07/2016'),
('T1370', 'P19041304', 1, 2850000, 2850000, 620, '10/07/2016'),
('T1371', 'P19041312', 1, 1700000, 1700000, 621, '11/07/2016'),
('T1372', 'P19041300', 1, 1950000, 1950000, 622, '12/07/2016'),
('T1373', 'P19041228', 1, 4000000, 4000000, 623, '12/07/2016'),
('T1374', 'P19041232', 1, 5000000, 5000000, 624, '13/07/2016'),
('T1374', 'P19041238', 1, 4430000, 4430000, 625, '13/07/2016'),
('T1374', 'P19041337', 1, 3900000, 3900000, 626, '13/07/2016'),
('T1375', 'P19041320', 1, 2350000, 2350000, 627, '13/07/2016'),
('T1376', 'P19041290', 1, 3500000, 3500000, 628, '13/07/2016'),
('T1377', 'P19041328', 1, 2350000, 2350000, 629, '13/07/2016'),
('T1378', 'P19041313', 1, 1100000, 1100000, 630, '13/07/2016'),
('T1379', 'P19041277', 1, 2650000, 2650000, 631, '14/07/2016'),
('T1380', 'P19041294', 1, 3090000, 3090000, 632, '14/07/2016'),
('T1380', 'P19041310', 1, 170000, 170000, 633, '14/07/2016'),
('T1381', 'P19041312', 1, 1700000, 1700000, 634, '14/07/2016'),
('T1382', 'P19041209', 1, 2650000, 2650000, 635, '15/07/2016'),
('T1382', 'P19041240', 1, 1600000, 1600000, 636, '15/07/2016'),
('T1382', 'P19041279', 1, 1600000, 1600000, 637, '15/07/2016'),
('T1382', 'P19041293', 1, 3400000, 3400000, 638, '15/07/2016'),
('T1383', 'P19041280', 1, 4000000, 4000000, 639, '15/07/2016'),
('T1384', 'P19041296', 1, 3900000, 3900000, 640, '17/07/2016'),
('T1385', 'P19041286', 1, 3000000, 3000000, 641, '18/07/2016'),
('T1385', 'P19041253', 1, 1850000, 1850000, 642, '18/07/2016'),
('T1386', 'P19041249', 1, 2450000, 2450000, 643, '18/07/2016'),
('T1386', 'P19041271', 1, 3200000, 3200000, 644, '18/07/2016'),
('T1386', 'P19041279', 1, 1600000, 1600000, 645, '18/07/2016'),
('T1386', 'P19041291', 1, 2850000, 2850000, 646, '18/07/2016'),
('T1387', 'P19041295', 1, 2850000, 2850000, 647, '18/07/2016'),
('T1387', 'P19041246', 1, 1800000, 1800000, 648, '18/07/2016'),
('T1387', 'P19041267', 1, 2350000, 2350000, 649, '18/07/2016'),
('T1388', 'P19041266', 1, 2350000, 2350000, 650, '19/07/2016'),
('T1389', 'P19041284', 1, 2000000, 2000000, 651, '20/07/2016'),
('T1390', 'P19041302', 1, 2850000, 2850000, 652, '20/07/2016'),
('T1391', 'P19041243', 1, 2650000, 2650000, 653, '21/07/2016'),
('T1391', 'P19041228', 1, 3200000, 3200000, 654, '21/07/2016'),
('T1391', 'P19041308', 1, 170000, 170000, 655, '21/07/2016'),
('T1391', 'P19041310', 1, 170000, 170000, 656, '21/07/2016'),
('T1392', 'P19041311', 1, 350000, 350000, 657, '21/07/2016'),
('T1393', 'P19041298', 1, 4800000, 4800000, 658, '21/07/2016'),
('T1394', 'P19041300', 1, 1950000, 1950000, 659, '22/07/2016'),
('T1395', 'P19041247', 1, 1600000, 1600000, 660, '23/07/2016'),
('T1395', 'P19041274', 1, 2415000, 2415000, 661, '23/07/2016'),
('T1395', 'P19041307', 2, 200000, 400000, 662, '23/07/2016'),
('T1395', 'P19041309', 2, 200000, 400000, 663, '23/07/2016'),
('T1396', 'P19041312', 1, 1700000, 1700000, 664, '23/07/2016'),
('T1397', 'P19041286', 1, 3000000, 3000000, 665, '24/07/2016'),
('T1398', 'P19041292', 1, 3400000, 3400000, 666, '25/07/2016'),
('T1399', 'P19041249', 1, 2450000, 2450000, 667, '25/07/2016'),
('T1399', 'P19041308', 2, 170000, 340000, 668, '25/07/2016'),
('T1400', 'P19041310', 1, 170000, 170000, 669, '25/07/2016'),
('T1401', 'P19041301', 1, 2200000, 2200000, 670, '26/07/2016'),
('T1401', 'P19041299', 1, 1700000, 1700000, 671, '26/07/2016'),
('T1402', 'P19041293', 1, 3400000, 3400000, 672, '26/07/2016'),
('T1403', 'P19041286', 1, 3000000, 3000000, 673, '27/07/2016'),
('T1403', 'P19041291', 1, 2850000, 2850000, 674, '27/07/2016'),
('T1403', 'P19041299', 1, 1700000, 1700000, 675, '27/07/2016'),
('T1403', 'P19041305', 1, 1100000, 1100000, 676, '27/07/2016'),
('T1403', 'P19041328', 1, 2350000, 2350000, 677, '27/07/2016'),
('T1404', 'P19041339', 1, 1650000, 1650000, 678, '28/07/2016'),
('T1404', 'P19041332', 1, 450000, 450000, 679, '28/07/2016'),
('T1405', 'P19041331', 1, 3050000, 3050000, 680, '29/07/2016'),
('T1405', 'P19041278', 1, 1800000, 1800000, 681, '29/07/2016'),
('T1406', 'P19041234', 1, 3800000, 3800000, 682, '30/07/2016'),
('T1406', 'P19041228', 1, 3200000, 3200000, 683, '30/07/2016'),
('T1406', 'P19041307', 2, 200000, 400000, 684, '30/07/2016'),
('T1406', 'P19041309', 1, 200000, 200000, 685, '30/07/2016'),
('T1407', 'P19041296', 1, 3900000, 3900000, 686, '31/07/2016'),
('T1408', 'P19041305', 1, 1100000, 1100000, 687, '01/08/2016'),
('T1409', 'P19041315', 1, 2550000, 2550000, 688, '02/08/2016'),
('T1410', 'P19041297', 1, 4000000, 4000000, 689, '02/08/2016'),
('T1411', 'P19041295', 1, 2850000, 2850000, 690, '02/08/2016'),
('T1411', 'P19041281', 1, 1500000, 1500000, 691, '02/08/2016'),
('T1412', 'P19041283', 1, 1600000, 1600000, 692, '03/08/2016'),
('T1412', 'P19041297', 1, 4000000, 4000000, 693, '03/08/2016'),
('T1412', 'P19041265', 1, 1800000, 1800000, 694, '03/08/2016'),
('T1412', 'P19041246', 1, 1800000, 1800000, 695, '03/08/2016'),
('T1413', 'P19041294', 1, 3090000, 3090000, 696, '03/08/2016'),
('T1414', 'P19041296', 1, 3900000, 3900000, 697, '04/08/2016'),
('T1415', 'P19041290', 1, 3500000, 3500000, 698, '04/08/2016'),
('T1415', 'P19041277', 1, 2650000, 2650000, 699, '04/08/2016'),
('T1416', 'P19041220', 1, 3400000, 3400000, 700, '04/08/2016'),
('T1417', 'P19041221', 1, 3300000, 3300000, 701, '06/08/2016'),
('T1417', 'P19041242', 1, 3600000, 3600000, 702, '06/08/2016'),
('T1417', 'P19041279', 1, 1600000, 1600000, 703, '06/08/2016'),
('T1418', 'P19041270', 1, 1700000, 1700000, 704, '07/08/2016'),
('T1418', 'P19041246', 1, 1800000, 1800000, 705, '07/08/2016'),
('T1419', 'P19041256', 1, 3200000, 3200000, 706, '07/08/2016'),
('T1420', 'P19041231', 1, 3300000, 3300000, 707, '08/08/2016'),
('T1420', 'P19041245', 1, 1500000, 1500000, 708, '08/08/2016'),
('T1421', 'P19041227', 1, 3400000, 3400000, 709, '08/08/2016'),
('T1422', 'P19041236', 1, 2850000, 2850000, 710, '08/08/2016'),
('T1423', 'P19041238', 1, 4430000, 4430000, 711, '08/08/2016'),
('T1424', 'P19041202', 1, 3600000, 3600000, 712, '09/08/2016'),
('T1424', 'P19041237', 1, 2500000, 2500000, 713, '09/08/2016'),
('T1424', 'P19041279', 1, 1600000, 1600000, 714, '09/08/2016'),
('T1424', 'P19041290', 1, 3500000, 3500000, 715, '09/08/2016'),
('T1424', 'P19041308', 1, 170000, 170000, 716, '09/08/2016'),
('T1424', 'P19041310', 1, 170000, 170000, 717, '09/08/2016'),
('T1425', 'P19041296', 1, 3900000, 3900000, 718, '10/08/2016'),
('T1425', 'P19041282', 1, 1800000, 1800000, 719, '10/08/2016'),
('T1425', 'P19041271', 1, 3200000, 3200000, 720, '10/08/2016'),
('T1426', 'P19041274', 1, 2415000, 2415000, 721, '11/08/2016'),
('T1426', 'P19041234', 1, 3800000, 3800000, 722, '11/08/2016'),
('T1427', 'P19041242', 1, 3800000, 3800000, 723, '11/08/2016'),
('T1428', 'P19041259', 1, 3800000, 3800000, 724, '11/08/2016'),
('T1429', 'P19041267', 1, 2350000, 2350000, 725, '11/08/2016'),
('T1429', 'P19041253', 1, 1850000, 1850000, 726, '11/08/2016'),
('T1429', 'P19041289', 1, 3200000, 3200000, 727, '11/08/2016'),
('T1430', 'P19041278', 1, 1800000, 1800000, 728, '16/08/2016'),
('T1430', 'P19041287', 1, 3900000, 3900000, 729, '16/08/2016'),
('T1431', 'P19041339', 1, 1650000, 1650000, 730, '16/08/2016'),
('T1432', 'P19041298', 1, 4800000, 4800000, 731, '16/08/2016'),
('T1433', 'P19041286', 1, 3000000, 3000000, 732, '17/08/2016'),
('T1434', 'P19041208', 1, 2750000, 2750000, 733, '18/08/2016'),
('T1434', 'P19041242', 1, 3600000, 3600000, 734, '18/08/2016'),
('T1435', 'P19041247', 1, 1600000, 1600000, 735, '18/08/2016'),
('T1435', 'P19041268', 1, 2750000, 2750000, 736, '18/08/2016'),
('T1435', 'P19041308', 1, 170000, 170000, 737, '18/08/2016'),
('T1435', 'P19041310', 1, 170000, 170000, 738, '18/08/2016'),
('T1436', 'P19041234', 3, 3800000, 11400000, 739, '19/08/2016'),
('T1436', 'P19041240', 2, 1600000, 3200000, 740, '19/08/2016'),
('T1436', 'P19041250', 1, 2850000, 2850000, 741, '19/08/2016'),
('T1436', 'P19041238', 4, 4430000, 17720000, 742, '19/08/2016'),
('T1437', 'P19041243', 1, 2650000, 2650000, 743, '19/08/2016'),
('T1438', 'P19041280', 1, 4000000, 4000000, 744, '19/08/2016'),
('T1439', 'P19041213', 1, 4200000, 4200000, 745, '20/08/2016'),
('T1440', 'P19041303', 1, 2350000, 2350000, 746, '21/08/2016'),
('T1441', 'P19041292', 1, 3400000, 3400000, 747, '20/08/2016'),
('T1441', 'P19041284', 1, 2000000, 2000000, 748, '20/08/2016'),
('T1442', 'P19041261', 1, 3400000, 3400000, 749, '21/08/2016'),
('T1443', 'P19041295', 1, 2850000, 2850000, 750, '22/08/2016'),
('T1444', 'P19041317', 1, 2350000, 2350000, 751, '23/08/2016'),
('T1444', 'P19041321', 1, 4000000, 4000000, 752, '23/08/2016'),
('T1445', 'P19041331', 1, 3050000, 3050000, 753, '24/08/2016'),
('T1446', 'P19041295', 1, 2850000, 2850000, 754, '24/08/2016'),
('T1447', 'P19041320', 1, 2350000, 2350000, 755, '24/08/2016'),
('T1448', 'P19041275', 1, 3400000, 3400000, 756, '25/08/2016'),
('T1449', 'P19041290', 1, 3500000, 3500000, 757, '26/08/2016'),
('T1450', 'P19041280', 1, 4000000, 4000000, 758, '27/08/2016'),
('T1450', 'P19041291', 1, 2850000, 2850000, 759, '27/08/2016'),
('T1451', 'P19041313', 1, 1100000, 1100000, 760, '28/08/2016'),
('T1452', 'P19041338', 1, 3800000, 3800000, 761, '28/08/2016'),
('T1453', 'P19041297', 1, 4000000, 4000000, 762, '29/08/2016'),
('T1453', 'P19041238', 1, 4430000, 4430000, 763, '29/08/2016'),
('T1453', 'P19041232', 1, 5000000, 5000000, 764, '29/08/2016'),
('T1453', 'P19041282', 1, 1800000, 1800000, 765, '29/08/2016'),
('T1454', 'P19041259', 1, 2350000, 2350000, 766, '29/08/2016'),
('T1454', 'P19041307', 2, 200000, 400000, 767, '29/08/2016'),
('T1455', 'P19041316', 1, 2850000, 2850000, 768, '30/08/2016'),
('T1456', 'P19041292', 1, 3400000, 3400000, 769, '31/08/2016'),
('T1457', 'P19041222', 1, 3800000, 3800000, 770, '01/09/2016'),
('T1457', 'P19041237', 1, 2500000, 2500000, 771, '01/09/2016'),
('T1457', 'P19041308', 1, 170000, 170000, 772, '01/09/2016'),
('T1457', 'P19041310', 1, 170000, 170000, 773, '01/09/2016'),
('T1458', 'P19041233', 1, 3900000, 3900000, 774, '02/09/2016'),
('T1459', 'P19041325', 1, 2350000, 2350000, 775, '02/09/2016'),
('T1460', 'P19041336', 1, 3200000, 3200000, 776, '02/09/2016'),
('T1461', 'P19041337', 1, 3900000, 3900000, 777, '03/09/2016'),
('T1461', 'P19041330', 1, 3400000, 3400000, 778, '03/09/2016'),
('T1462', 'P19041299', 1, 1700000, 1700000, 779, '04/09/2016'),
('T1462', 'P19041305', 1, 1100000, 1100000, 780, '04/09/2016'),
('T1463', 'P19041201', 1, 5450000, 5450000, 781, '05/09/2016'),
('T1463', 'P19041242', 1, 3600000, 3600000, 782, '05/09/2016'),
('T1463', 'P19041308', 1, 170000, 170000, 783, '05/09/2016'),
('T1463', 'P19041310', 1, 170000, 170000, 784, '05/09/2016'),
('T1464', 'P19041295', 1, 2850000, 2850000, 785, '05/09/2016'),
('T1464', 'P19041281', 1, 1500000, 1500000, 786, '05/09/2016'),
('T1465', 'P19041283', 1, 1600000, 1600000, 787, '06/09/2016'),
('T1465', 'P19041297', 1, 4000000, 4000000, 788, '06/09/2016'),
('T1465', 'P19041265', 1, 1800000, 1800000, 789, '06/09/2016'),
('T1465', 'P19041246', 1, 1800000, 1800000, 790, '06/09/2016'),
('T1466', 'P19041294', 1, 3090000, 3090000, 791, '06/09/2016'),
('T1467', 'P19041329', 1, 3300000, 3300000, 792, '06/09/2016'),
('T1468', 'P19041220', 1, 3400000, 3400000, 793, '07/09/2016'),
('T1468', 'P19041252', 1, 2350000, 2350000, 794, '07/09/2016'),
('T1468', 'P19041281', 1, 1500000, 1500000, 795, '07/09/2016'),
('T1469', 'P19041302', 1, 2850000, 2850000, 796, '08/09/2016'),
('T1470', 'P19041312', 1, 1700000, 1700000, 797, '09/09/2016'),
('T1471', 'P19041306', 1, 1800000, 1800000, 798, '09/09/2016'),
('T1471', 'P19041303', 1, 2350000, 2350000, 799, '09/09/2016'),
('T1472', 'P19041327', 1, 2850000, 2850000, 800, '10/09/2016'),
('T1473', 'P19041220', 1, 3400000, 3400000, 801, '11/09/2016'),
('T1473', 'P19041252', 1, 2350000, 2350000, 802, '11/09/2016'),
('T1473', 'P19041281', 1, 1500000, 1500000, 803, '11/09/2016'),
('T1474', 'P19041302', 1, 2850000, 2850000, 804, '11/09/2016'),
('T1475', 'P19041312', 1, 1700000, 1700000, 805, '11/09/2016'),
('T1476', 'P19041306', 1, 1800000, 1800000, 806, '12/09/2016'),
('T1476', 'P19041303', 1, 2350000, 2350000, 807, '12/09/2016'),
('T1477', 'P19041317', 1, 2350000, 2350000, 808, '12/09/2016'),
('T1478', 'P19041322', 1, 3350000, 3350000, 809, '13/09/2016');
INSERT INTO `detail_transaksi` (`Kode_transaksi`, `kode_barang`, `jumlah`, `harga`, `total`, `id`, `tanggal`) VALUES
('T1479', 'P19041333', 1, 2350000, 2350000, 810, '14/09/2016'),
('T1480', 'P19041333', 1, 2350000, 2350000, 811, '15/09/2016'),
('T1481', 'P19041325', 1, 2350000, 2350000, 812, '15/09/2016'),
('T1482', 'P19041331', 1, 3050000, 3050000, 813, '15/09/2016'),
('T1482', 'P19041336', 1, 3200000, 3200000, 814, '15/09/2016'),
('T1483', 'P19041202', 1, 3600000, 3600000, 815, '16/09/2016'),
('T1483', 'P19041240', 1, 1600000, 1600000, 816, '16/09/2016'),
('T1483', 'P19041279', 1, 1600000, 1600000, 817, '16/09/2016'),
('T1483', 'P19041288', 1, 3400000, 3400000, 818, '16/09/2016'),
('T1483', 'P19041302', 1, 2850000, 2850000, 819, '16/09/2016'),
('T1484', 'P19041306', 1, 1800000, 1800000, 820, '17/09/2016'),
('T1484', 'P19041304', 1, 2850000, 2850000, 821, '17/09/2016'),
('T1485', 'P19041289', 1, 3200000, 3200000, 822, '17/09/2016'),
('T1485', 'P19041286', 1, 3000000, 3000000, 823, '17/09/2016'),
('T1486', 'P19041302', 1, 2850000, 2850000, 824, '18/09/2016'),
('T1487', 'P19041332', 1, 450000, 450000, 825, '19/09/2016'),
('T1487', 'P19041308', 2, 170000, 340000, 826, '19/09/2016'),
('T1488', 'P19041297', 1, 4000000, 4000000, 827, '20/09/2016'),
('T1488', 'P19041315', 1, 2550000, 2550000, 828, '20/09/2016'),
('T1489', 'P19041256', 1, 3200000, 3200000, 829, '20/09/2016'),
('T1490', 'P19041275', 1, 3400000, 3400000, 830, '20/09/2016'),
('T1491', 'P19041293', 1, 3400000, 3400000, 831, '21/09/2016'),
('T1492', 'P19041257', 1, 3700000, 3700000, 832, '22/09/2016'),
('T1492', 'P19041307', 2, 200000, 400000, 833, '22/09/2016'),
('T1492', 'P19041310', 2, 170000, 340000, 834, '22/09/2016'),
('T1493', 'P19041202', 1, 3600000, 3600000, 835, '23/09/2016'),
('T1494', 'P19041240', 1, 1600000, 1600000, 836, '23/09/2016'),
('T1494', 'P19041279', 1, 1600000, 1600000, 837, '23/09/2016'),
('T1495', 'P19041288', 1, 3400000, 3400000, 838, '23/09/2016'),
('T1495', 'P19041302', 1, 2850000, 2850000, 839, '23/09/2016'),
('T1495', 'P19041307', 2, 200000, 400000, 840, '23/09/2016'),
('T1496', 'P19041295', 1, 2850000, 2850000, 841, '24/09/2016'),
('T1496', 'P19041281', 1, 1500000, 1500000, 842, '24/09/2016'),
('T1497', 'P19041283', 1, 1600000, 1600000, 843, '25/09/2016'),
('T1497', 'P19041297', 1, 4000000, 4000000, 844, '25/09/2016'),
('T1497', 'P19041265', 1, 1800000, 1800000, 845, '25/09/2016'),
('T1498', 'P19041246', 1, 1800000, 1800000, 846, '25/09/2016'),
('T1499', 'P19041238', 4, 4430000, 17720000, 847, '25/09/2016'),
('T1500', 'P19041243', 1, 2650000, 2650000, 848, '26/09/2016'),
('T1501', 'P19041280', 1, 4000000, 4000000, 849, '27/09/2016'),
('T1502', 'P19041213', 1, 4200000, 4200000, 850, '29/09/2016'),
('T1503', 'P19041303', 1, 2350000, 2350000, 851, '29/09/2016'),
('T1504', 'P19041292', 1, 3400000, 3400000, 852, '29/09/2016'),
('T1504', 'P19041284', 1, 2000000, 2000000, 853, '29/09/2016'),
('T1504', 'P19041261', 1, 3400000, 3400000, 854, '29/09/2016'),
('T1505', 'P19041317', 1, 2350000, 2350000, 855, '30/09/2016'),
('T1506', 'P19041280', 1, 4000000, 4000000, 856, '01/10/2016'),
('T1506', 'P19041291', 1, 2850000, 2850000, 857, '01/10/2016'),
('T1507', 'P19041313', 1, 1100000, 1100000, 858, '01/10/2016'),
('T1508', 'P19041338', 1, 3800000, 3800000, 859, '02/10/2016'),
('T1509', 'P19041269', 1, 2850000, 2850000, 860, '03/10/2016'),
('T1509', 'P19041249', 1, 2450000, 2450000, 861, '03/10/2016'),
('T1509', 'P19041307', 2, 200000, 400000, 862, '03/10/2016'),
('T1509', 'P19041309', 1, 200000, 200000, 863, '03/10/2016'),
('T1510', 'P19041277', 1, 2650000, 2650000, 864, '03/10/2016'),
('T1511', 'P19041298', 1, 4800000, 4800000, 865, '03/10/2016'),
('T1512', 'P19041263', 2, 2850000, 5700000, 866, '05/10/2016'),
('T1513', 'P19041212', 3, 3400000, 10200000, 867, '06/10/2016'),
('T1513', 'P19041210', 1, 2950000, 2950000, 868, '06/10/2016'),
('T1513', 'P19041242', 4, 3600000, 14400000, 869, '06/10/2016'),
('T1514', 'P19041231', 1, 3300000, 3300000, 870, '06/10/2016'),
('T1514', 'P19041284', 1, 2000000, 2000000, 871, '06/10/2016'),
('T1514', 'P19041250', 1, 2850000, 2850000, 872, '06/10/2016'),
('T1514', 'P19041298', 1, 4800000, 4800000, 873, '06/10/2016'),
('T1515', 'P19041304', 1, 2850000, 2850000, 874, '06/10/2016'),
('T1516', 'P19041314', 1, 2420000, 2420000, 875, '07/10/2016'),
('T1517', 'P19041308', 4, 170000, 680000, 876, '08/10/2016'),
('T1518', 'P19041201', 1, 5450000, 5450000, 877, '09/10/2016'),
('T1519', 'P19041250', 1, 2850000, 2850000, 878, '10/10/2016'),
('T1519', 'P19041307', 1, 200000, 200000, 879, '10/10/2016'),
('T1519', 'P19041309', 1, 200000, 200000, 880, '10/10/2016'),
('T1520', 'P19041331', 1, 3050000, 3050000, 881, '10/10/2016'),
('T1521', 'P19041263', 1, 2850000, 2850000, 882, '11/10/2016'),
('T1522', 'P19041205', 1, 3400000, 3400000, 883, '12/10/2016'),
('T1523', 'P19041222', 1, 3800000, 3800000, 884, '12/10/2016'),
('T1523', 'P19041247', 1, 1600000, 1600000, 885, '12/10/2016'),
('T1523', 'P19041277', 1, 2650000, 2650000, 886, '12/10/2016'),
('T1524', 'P19041302', 1, 2350000, 2350000, 887, '12/10/2016'),
('T1524', 'P19041279', 1, 1600000, 1600000, 888, '12/10/2016'),
('T1524', 'P19041316', 1, 2850000, 2850000, 889, '12/10/2016'),
('T1525', 'P19041319', 1, 2200000, 2200000, 890, '13/10/2016'),
('T1526', 'P19041329', 1, 3300000, 3300000, 891, '14/10/2016'),
('T1527', 'P19041341', 1, 2850000, 2850000, 892, '14/10/2016'),
('T1528', 'P19041292', 1, 3400000, 3400000, 893, '15/10/2016'),
('T1528', 'P19041275', 1, 3400000, 3400000, 894, '15/10/2016'),
('T1529', 'P19041228', 1, 3200000, 3200000, 895, '15/10/2016'),
('T1530', 'P19041235', 1, 2350000, 2350000, 896, '15/10/2016'),
('T1531', 'P19041280', 1, 4000000, 4000000, 897, '16/10/2016'),
('T1532', 'P19041228', 1, 3200000, 3200000, 898, '17/10/2016'),
('T1532', 'P19041250', 1, 2850000, 2850000, 899, '17/10/2016'),
('T1533', 'P19041220', 1, 3400000, 3400000, 900, '18/10/2016'),
('T1533', 'P19041252', 1, 2350000, 2350000, 901, '18/10/2016'),
('T1533', 'P19041281', 1, 1500000, 1500000, 902, '18/10/2016'),
('T1534', 'P19041302', 1, 2850000, 2850000, 903, '18/10/2016'),
('T1535', 'P19041312', 1, 1700000, 1700000, 904, '18/10/2016'),
('T1536', 'P19041306', 1, 1800000, 1800000, 905, '19/10/2016'),
('T1536', 'P19041303', 1, 2350000, 2350000, 906, '19/10/2016'),
('T1537', 'P19041303', 1, 2350000, 2350000, 907, '20/10/2016'),
('T1538', 'P19041292', 1, 3400000, 3400000, 908, '20/10/2016'),
('T1538', 'P19041284', 1, 2000000, 2000000, 909, '20/10/2016'),
('T1539', 'P19041261', 1, 3400000, 3400000, 910, '21/10/2016'),
('T1540', 'P19041295', 1, 2850000, 2850000, 911, '22/10/2016'),
('T1541', 'P19041317', 1, 2350000, 2350000, 912, '22/10/2016'),
('T1541', 'P19041321', 1, 4000000, 4000000, 913, '22/10/2016'),
('T1542', 'P19041295', 1, 2850000, 2850000, 914, '22/10/2016'),
('T1542', 'P19041281', 1, 1500000, 1500000, 915, '22/10/2016'),
('T1542', 'P19041283', 1, 1600000, 1600000, 916, '22/10/2016'),
('T1542', 'P19041297', 1, 4000000, 4000000, 917, '22/10/2016'),
('T1543', 'P19041265', 1, 1800000, 1800000, 918, '25/10/2016'),
('T1543', 'P19041246', 1, 1800000, 1800000, 919, '25/10/2016'),
('T1544', 'P19041294', 1, 3090000, 3090000, 920, '26/10/2016'),
('T1545', 'P19041238', 1, 4430000, 4430000, 921, '27/10/2016'),
('T1546', 'P19041337', 1, 3900000, 3900000, 922, '28/10/2016'),
('T1547', 'P19041320', 1, 2350000, 2350000, 923, '28/10/2016'),
('T1548', 'P19041290', 1, 3500000, 3500000, 924, '29/10/2016'),
('T1549', 'P19041328', 1, 2350000, 2350000, 925, '30/10/2016'),
('T1550', 'P19041331', 1, 3050000, 3050000, 926, '31/10/2016'),
('T1551', 'P19041278', 1, 1800000, 1800000, 927, '01/11/2016'),
('T1551', 'P19041234', 1, 3800000, 3800000, 928, '01/11/2016'),
('T1552', 'P19041286', 1, 3000000, 3000000, 929, '01/11/2016'),
('T1553', 'P19041292', 1, 3400000, 3400000, 930, '02/11/2016'),
('T1554', 'P19041249', 1, 2450000, 2450000, 931, '02/11/2016'),
('T1554', 'P19041308', 2, 170000, 340000, 932, '02/11/2016'),
('T1554', 'P19041310', 1, 170000, 170000, 933, '02/11/2016'),
('T1555', 'P19041228', 1, 3200000, 3200000, 934, '03/11/2016'),
('T1555', 'P19041307', 2, 200000, 400000, 935, '03/11/2016'),
('T1555', 'P19041309', 1, 200000, 200000, 936, '03/11/2016'),
('T1556', 'P19041315', 1, 2550000, 2550000, 937, '06/11/2016'),
('T1557', 'P19041242', 1, 3600000, 3600000, 938, '06/11/2016'),
('T1557', 'P19041274', 1, 2415000, 2415000, 939, '06/11/2016'),
('T1558', 'P19041257', 1, 3700000, 3700000, 940, '06/11/2016'),
('T1559', 'P19041301', 1, 2200000, 2200000, 941, '07/11/2016'),
('T1560', 'P19041299', 1, 1700000, 1700000, 942, '08/11/2016'),
('T1561', 'P19041293', 1, 3400000, 3400000, 943, '08/11/2016'),
('T1562', 'P19041295', 1, 2850000, 2850000, 944, '09/11/2016'),
('T1563', 'P19041317', 1, 2350000, 2350000, 945, '11/11/2016'),
('T1563', 'P19041321', 1, 4000000, 4000000, 946, '11/11/2016'),
('T1564', 'P19041331', 1, 3050000, 3050000, 947, '12/11/2016'),
('T1565', 'P19041295', 1, 2850000, 2850000, 948, '12/11/2016'),
('T1566', 'P19041320', 1, 2350000, 2350000, 949, '12/11/2016'),
('T1567', 'P19041305', 1, 1100000, 1100000, 950, '13/11/2016'),
('T1567', 'P19041328', 1, 2350000, 2350000, 951, '13/11/2016'),
('T1568', 'P19041339', 1, 1650000, 1650000, 952, '14/11/2016'),
('T1568', 'P19041332', 1, 450000, 450000, 953, '14/11/2016'),
('T1569', 'P19041331', 1, 3050000, 3050000, 954, '14/11/2016'),
('T1570', 'P19041278', 1, 1800000, 1800000, 955, '15/11/2016'),
('T1571', 'P19041232', 1, 5000000, 5000000, 956, '16/11/2016'),
('T1571', 'P19041238', 1, 4430000, 4430000, 957, '16/11/2016'),
('T1572', 'P19041337', 1, 3900000, 3900000, 958, '17/11/2016'),
('T1573', 'P19041320', 1, 2350000, 2350000, 959, '18/11/2016'),
('T1574', 'P19041290', 1, 3500000, 3500000, 960, '18/11/2016'),
('T1575', 'P19041328', 1, 2350000, 2350000, 961, '18/11/2016'),
('T1576', 'P19041247', 1, 1600000, 1600000, 962, '18/11/2016'),
('T1576', 'P19041277', 1, 2650000, 2650000, 963, '18/11/2016'),
('T1577', 'P19041298', 1, 4800000, 4800000, 964, '20/11/2016'),
('T1578', 'P19041304', 1, 2850000, 2850000, 965, '21/11/2016'),
('T1579', 'P19041322', 1, 3350000, 3350000, 966, '22/11/2016'),
('T1580', 'P19041332', 2, 450000, 900000, 967, '23/11/2016'),
('T1581', 'P19041250', 1, 2850000, 2850000, 968, '24/11/2016'),
('T1581', 'P19041209', 1, 2650000, 2650000, 969, '24/11/2016'),
('T1581', 'P19041307', 2, 200000, 400000, 970, '24/11/2016'),
('T1581', 'P19041309', 1, 200000, 200000, 971, '24/11/2016'),
('T1582', 'P19041220', 1, 3400000, 3400000, 972, '24/11/2016'),
('T1582', 'P19041252', 1, 2350000, 2350000, 973, '24/11/2016'),
('T1582', 'P19041281', 1, 1500000, 1500000, 974, '24/11/2016'),
('T1582', 'P19041302', 1, 2850000, 2850000, 975, '24/11/2016'),
('T1582', 'P19041312', 1, 1700000, 1700000, 976, '24/11/2016'),
('T1583', 'P19041306', 1, 1800000, 1800000, 977, '25/11/2016'),
('T1583', 'P19041209', 1, 2650000, 2650000, 978, '25/11/2016'),
('T1583', 'P19041240', 1, 1600000, 1600000, 979, '25/11/2016'),
('T1584', 'P19041279', 1, 1600000, 1600000, 980, '26/11/2016'),
('T1584', 'P19041293', 1, 3400000, 3400000, 981, '26/11/2016'),
('T1584', 'P19041280', 1, 4000000, 4000000, 982, '26/11/2016'),
('T1584', 'P19041296', 1, 3900000, 3900000, 983, '26/11/2016'),
('T1585', 'P19041286', 1, 3000000, 3000000, 984, '27/11/2016'),
('T1585', 'P19041253', 1, 1850000, 1850000, 985, '27/11/2016'),
('T1585', 'P19041252', 1, 2350000, 2350000, 986, '27/11/2016'),
('T1585', 'P19041281', 1, 1500000, 1500000, 987, '27/11/2016'),
('T1586', 'P19041302', 1, 2850000, 2850000, 988, '27/11/2016'),
('T1586', 'P19041312', 1, 1700000, 1700000, 989, '27/11/2016'),
('T1587', 'P19041306', 1, 1800000, 1800000, 990, '27/11/2016'),
('T1588', 'P19041202', 1, 3600000, 3600000, 991, '28/11/2016'),
('T1588', 'P19041240', 1, 1600000, 1600000, 992, '28/11/2016'),
('T1588', 'P19041279', 1, 1600000, 1600000, 993, '28/11/2016'),
('T1588', 'P19041288', 1, 3400000, 3400000, 994, '28/11/2016'),
('T1588', 'P19041302', 1, 2850000, 2850000, 995, '28/11/2016'),
('T1588', 'P19041307', 2, 200000, 400000, 996, '28/11/2016'),
('T1588', 'P19041309', 2, 200000, 400000, 997, '28/11/2016'),
('T1589', 'P19041246', 1, 1800000, 1800000, 998, '29/11/2016'),
('T1590', 'P19041238', 3, 4430000, 13290000, 999, '30/11/2016'),
('T1590', 'P19041243', 3, 2650000, 7950000, 1000, '30/11/2016'),
('T1591', 'P19041280', 1, 4000000, 4000000, 1001, '01/12/2016'),
('T1592', 'P19041213', 1, 4200000, 4200000, 1002, '02/12/2016'),
('T1593', 'P19041234', 1, 3800000, 3800000, 1003, '02/12/2016'),
('T1593', 'P19041240', 1, 1600000, 1600000, 1004, '02/12/2016'),
('T1593', 'P19041250', 1, 2850000, 2850000, 1005, '02/12/2016'),
('T1593', 'P19041238', 1, 4430000, 4430000, 1006, '02/12/2016'),
('T1513', 'P19041210', 1, 2950000, 2950000, 1007, '06/10/2016'),
('T1513', 'P19041242', 4, 3600000, 14400000, 1008, '06/10/2016'),
('T1514', 'P19041231', 1, 3300000, 3300000, 1009, '06/10/2016'),
('T1514', 'P19041284', 1, 2000000, 2000000, 1010, '06/10/2016'),
('T1514', 'P19041250', 1, 2850000, 2850000, 1011, '06/10/2016'),
('T1514', 'P19041298', 1, 4800000, 4800000, 1012, '06/10/2016'),
('T1515', 'P19041304', 1, 2850000, 2850000, 1013, '06/10/2016'),
('T1516', 'P19041314', 1, 2420000, 2420000, 1014, '07/10/2016'),
('T1517', 'P19041308', 4, 170000, 680000, 1015, '08/10/2016'),
('T1518', 'P19041201', 1, 5450000, 5450000, 1016, '09/10/2016'),
('T1519', 'P19041250', 1, 2850000, 2850000, 1017, '10/10/2016'),
('T1519', 'P19041307', 1, 200000, 200000, 1018, '10/10/2016'),
('T1519', 'P19041309', 1, 200000, 200000, 1019, '10/10/2016'),
('T1494', 'P19041240', 1, 1600000, 1600000, 1020, '23/09/2016'),
('T1494', 'P19041279', 1, 1600000, 1600000, 1021, '23/09/2016'),
('T1495', 'P19041288', 1, 3400000, 3400000, 1022, '23/09/2016'),
('T1495', 'P19041302', 1, 2850000, 2850000, 1023, '23/09/2016'),
('T1495', 'P19041307', 2, 200000, 400000, 1024, '23/09/2016'),
('T1496', 'P19041295', 1, 2850000, 2850000, 1025, '24/09/2016'),
('T1496', 'P19041281', 1, 1500000, 1500000, 1026, '24/09/2016'),
('T1504', 'P19041292', 1, 3400000, 3400000, 1027, '29/09/2016'),
('T1504', 'P19041284', 1, 2000000, 2000000, 1028, '29/09/2016'),
('T1504', 'P19041261', 1, 3400000, 3400000, 1029, '29/09/2016'),
('T1477', 'P19041317', 1, 2350000, 2350000, 1030, '12/09/2016'),
('T1478', 'P19041322', 1, 3350000, 3350000, 1031, '13/09/2016'),
('T1479', 'P19041333', 1, 2350000, 2350000, 1032, '14/09/2016'),
('T1480', 'P19041333', 1, 2350000, 2350000, 1033, '15/09/2016'),
('T1481', 'P19041325', 1, 2350000, 2350000, 1034, '15/09/2016'),
('T1482', 'P19041331', 1, 3050000, 3050000, 1035, '15/09/2016'),
('T1482', 'P19041336', 1, 3200000, 3200000, 1036, '15/09/2016'),
('T1483', 'P19041202', 1, 3600000, 3600000, 1037, '16/09/2016'),
('T1483', 'P19041240', 1, 1600000, 1600000, 1038, '16/09/2016'),
('T1391', 'P19041310', 1, 170000, 170000, 1039, '21/07/2016'),
('T1392', 'P19041311', 1, 350000, 350000, 1040, '21/07/2016'),
('T1393', 'P19041298', 1, 4800000, 4800000, 1041, '21/07/2016'),
('T1394', 'P19041300', 1, 1950000, 1950000, 1042, '22/07/2016'),
('T1395', 'P19041247', 1, 1600000, 1600000, 1043, '23/07/2016'),
('T1395', 'P19041274', 1, 2415000, 2415000, 1044, '23/07/2016'),
('T1395', 'P19041307', 2, 200000, 400000, 1045, '23/07/2016'),
('T1461', 'P19041337', 1, 3900000, 3900000, 1046, '03/09/2016'),
('T1461', 'P19041330', 1, 3400000, 3400000, 1047, '03/09/2016'),
('T1462', 'P19041299', 1, 1700000, 1700000, 1048, '04/09/2016'),
('T1462', 'P19041305', 1, 1100000, 1100000, 1049, '04/09/2016'),
('T1463', 'P19041201', 1, 5450000, 5450000, 1050, '05/09/2016'),
('T1463', 'P19041242', 1, 3600000, 3600000, 1051, '05/09/2016'),
('T1463', 'P19041308', 1, 170000, 170000, 1052, '05/09/2016'),
('T1463', 'P19041310', 1, 170000, 170000, 1053, '05/09/2016'),
('T1441', 'P19041284', 1, 2000000, 2000000, 1054, '20/08/2016'),
('T1442', 'P19041261', 1, 3400000, 3400000, 1055, '21/08/2016'),
('T1443', 'P19041295', 1, 2850000, 2850000, 1056, '22/08/2016'),
('T1444', 'P19041317', 1, 2350000, 2350000, 1057, '23/08/2016'),
('T1450', 'P19041280', 1, 4000000, 4000000, 1058, '27/08/2016'),
('T1450', 'P19041291', 1, 2850000, 2850000, 1059, '27/08/2016'),
('T1451', 'P19041313', 1, 1100000, 1100000, 1060, '28/08/2016');

-- --------------------------------------------------------

--
-- Struktur dari tabel `kategori`
--

CREATE TABLE `kategori` (
  `id_kategori` varchar(5) NOT NULL,
  `nama_kategoori` varchar(12) DEFAULT NULL
) ENGINE=InnoDB DEFAULT CHARSET=utf8;

--
-- Dumping data untuk tabel `kategori`
--

INSERT INTO `kategori` (`id_kategori`, `nama_kategoori`) VALUES
('K1001', 'Spring Bed'),
('K1002', 'Tempat Tidur'),
('K1003', 'Meja Rias'),
('K1004', 'Lemari'),
('K1005', 'Dipan'),
('K1006', 'Meja Makan'),
('K1007', 'Kaca Hias'),
('K1008', 'Bantal'),
('K1009', 'Buffet'),
('K1010', 'Sofa'),
('K1011', 'Kursi Tamu'),
('K1012', 'Bed Dorong');

-- --------------------------------------------------------

--
-- Struktur dari tabel `produk`
--

CREATE TABLE `produk` (
  `id_produk` varchar(225) NOT NULL,
  `kategori` varchar(225) DEFAULT NULL,
  `nama_produk` varchar(225) DEFAULT NULL,
  `harga_beli` int(11) DEFAULT NULL,
  `harga_jual` int(11) DEFAULT NULL
) ENGINE=InnoDB DEFAULT CHARSET=utf8;

--
-- Dumping data untuk tabel `produk`
--

INSERT INTO `produk` (`id_produk`, `kategori`, `nama_produk`, `harga_beli`, `harga_jual`) VALUES
('P19041201', 'K1002', 'Tempat Tidur Istana', 4800000, 5300000),
('P19041202', 'K1002', 'Tempat Tidur KDI ukir', 3200000, 3600000),
('P19041203', 'K1002', 'Tempat Tidur Ganesha', 3100000, 3500000),
('P19041204', 'K1002', 'Tempat Tidur Cinta', 2800000, 3150000),
('P19041205', 'K1002', 'Tempat Tidur Peluru', 3000000, 3400000),
('P19041206', 'K1002', 'Tempat Tidur Peluru Beranjangan', 3000000, 3500000),
('P19041207', 'K1002', 'Tempat Tidur Gebyok Rata', 2400000, 2750000),
('P19041208', 'K1002', 'Tempat Tidur Gebyok Lengkung', 2400000, 2750000),
('P19041209', 'K1002', 'Tempat Tidur Gebyok Bulan', 2300000, 2650000),
('P19041210', 'K1002', 'Tempat Tidur Gebyok Joglo', 2600000, 2950000),
('P19041211', 'K1002', 'Tempat Tidur Mawar', 2860000, 3210000),
('P19041212', 'K1002', 'Tempat Tidur Mutiara Krawang', 3000000, 3400000),
('P19041213', 'K1002', 'Tempat Tidur Cinderella Krawang', 3800000, 4200000),
('P19041214', 'K1002', 'Tempat Tidur Davinci Lendang', 4000000, 4500000),
('P19041215', 'K1002', 'Tempat Tidur Dahlia', 3500000, 3900000),
('P19041216', 'K1002', 'Tempat Tidur Santika', 2900000, 3250000),
('P19041217', 'K1002', 'Tempat Tidur Havana', 2800000, 3150000),
('P19041218', 'K1002', 'Tempat Tidur Tiara Kanopi', 3150000, 3550000),
('P19041219', 'K1002', 'Tempat Tidur Anggur', 2700000, 3050000),
('P19041220', 'K1002', 'Tempat Tidur Bhineka', 3000000, 3400000),
('P19041221', 'K1002', 'Tempat Tidur Arjuna', 2900000, 3300000),
('P19041222', 'K1002', 'Tempat Tidur Minimalis Pintu Aceh', 3400000, 3800000),
('P19041223', 'K1002', 'Tempat Tidur Minimalis Love', 2700000, 3050000),
('P19041224', 'K1002', 'Tempat Tidur Minimalis Kalung', 3200000, 3600000),
('P19041225', 'K1002', 'Tempat Tidur Nusa Indah Krawang', 3600000, 4000000),
('P19041226', 'K1002', 'Tempat Tidur Mawar Kalung', 2700000, 3050000),
('P19041227', 'K1002', 'Tempat Tidur Rose Krawang', 3000000, 3400000),
('P19041228', 'K1002', 'Tempat Tidur Larasati', 2800000, 3200000),
('P19041229', 'K1002', 'Tmepat Tidur Minimalis Putih Emas', 3000000, 3400000),
('P19041230', 'K1002', 'Tempat Tidur Minimalis Putih', 3000000, 3400000),
('P19041231', 'K1002', 'Tempat Tidur Love Putih Emas', 2900000, 3300000),
('P19041232', 'K1002', 'Tempat Tidur Tempahan (Custome)', 4500000, 5000000),
('P19041233', 'K1001', 'Springbed Helux', 3500000, 3900000),
('P19041234', 'K1001', 'Springbed Ocean Magical', 3200000, 3600000),
('P19041235', 'K1001', 'Springbed Ocean Classical', 1800000, 2100000),
('P19041236', 'K1001', 'Springbed Ocean Simpony', 2500000, 2850000),
('P19041237', 'K1001', 'Springbed Ocean Passioner', 2200000, 2500000),
('P19041238', 'K1001', 'Springbed Ocean Tinderly', 3930000, 4430000),
('P19041239', 'K1001', 'Springbed Caisar Victory', 1500000, 1800000),
('P19041240', 'K1001', 'Springbed Caisar Economy', 1300000, 1600000),
('P19041241', 'K1001', 'Springbed Caisar Davinci', 1600000, 1950000),
('P19041242', 'K1001', 'Springbed Loren Tipe 1000', 2900000, 3300000),
('P19041243', 'K1001', 'Springbed Loren Tipe 800', 2300000, 2650000),
('P19041244', 'K1001', 'Springbed Loren Tipe 600', 1800000, 2100000),
('P19041245', 'K1001', 'Springbed Angel Lux', 1000000, 1300000),
('P19041246', 'K1001', 'Springbed Angle Super', 1500000, 1800000),
('P19041247', 'K1001', 'Springbed Angle new', 1100000, 1400000),
('P19041248', 'K1001', 'Springbed Angle Michael', 1900000, 2200000),
('P19041249', 'K1001', 'Springbed Angle Gabriel', 2100000, 2450000),
('P19041250', 'K1001', 'Springbed Conforta', 2500000, 2850000),
('P19041251', 'K1001', 'Springbed Procella', 1800000, 2100000),
('P19041252', 'K1001', 'Springbed Kanggooro', 2000000, 2350000),
('P19041253', 'K1001', 'Springbed Sweetland', 1500000, 1850000),
('P19041254', 'K1012', 'Bed Dorong Modis Star Kids', 2900000, 3300000),
('P19041255', 'K1012', 'Bed Dorong Modis Emily', 3000000, 3400000),
('P19041256', 'K1012', 'Bed Dorong Modis karakter', 2800000, 3200000),
('P19041257', 'K1012', 'Bed Dorong Helux Teenager', 3300000, 3700000),
('P19041258', 'K1012', 'Bed Dorong Helux Latex', 3500000, 3900000),
('P19041259', 'K1012', 'Bed Dorong Helux Karakter', 3100000, 3500000),
('P19041260', 'K1012', 'Bed Dorong Conforta Latex', 3500000, 3900000),
('P19041261', 'K1012', 'Bed Dorong Conforta Semi Latex', 3000000, 3400000),
('P19041262', 'K1012', 'Bed Dorong Conforta Teenager', 2900000, 3300000),
('P19041263', 'K1012', 'Bed Dorong Caisar Karakter', 2500000, 2850000),
('P19041264', 'K1012', 'Bed Dorong Angle Karakter', 2000000, 2350000),
('P19041265', 'K1005', 'Dipan Impressa', 1500000, 1800000),
('P19041266', 'K1005', 'Dipan Lengkung', 2000000, 2350000),
('P19041267', 'K1005', 'Dipan Minimalis', 2000000, 2350000),
('P19041268', 'K1005', 'Dipan Kipas', 2400000, 2750000),
('P19041269', 'K1005', 'Dipan Cendrawasih', 2500000, 2850000),
('P19041270', 'K1005', 'Dipan Love', 1400000, 1700000),
('P19041271', 'K1005', 'Dipan Rafi Ahmad', 2800000, 3150000),
('P19041272', 'K1005', 'Dipan Classic', 1500000, 1800000),
('P19041273', 'K1005', 'Dipan Modern Kancing', 2000000, 2350000),
('P19041274', 'K1005', 'Dipan Minimalis Modern', 2065000, 2415000),
('P19041275', 'K1003', 'Meja Rias Mawar Goyang', 3000000, 3400000),
('P19041276', 'K1003', 'Meja Rias Semanggi', 3000000, 3400000),
('P19041277', 'K1003', 'Meja Rias Kerang ', 2300000, 2650000),
('P19041278', 'K1003', 'Meja Rias Borobudur', 1500000, 1800000),
('P19041279', 'K1003', 'Meja Rias Alter', 1300000, 1600000),
('P19041280', 'K1003', 'Meja Rias Alter Jumbo Jati 5 Laci', 3300000, 3700000),
('P19041281', 'K1003', 'Meja Rias Maja Pahit', 1200000, 1500000),
('P19041282', 'K1003', 'Meja Rias Pluru', 1500000, 1800000),
('P19041283', 'K1003', 'Meja Rias Gendong 1', 1300000, 1600000),
('P19041284', 'K1003', 'Meja Rias Ukiran Putih', 1700000, 2000000),
('P19041285', 'K1003', 'Meja Rias Minimalis Panjang', 2100000, 2500000),
('P19041286', 'K1003', 'Meja Rias Tempahan', 2500000, 2900000),
('P19041287', 'K1004', 'Lemari Pintu Tambang 3 PT', 3500000, 3900000),
('P19041288', 'K1004', 'Lemari Pintu Tiara 3 PT', 3000000, 3400000),
('P19041289', 'K1004', 'Lemari Pintu Caca Bunga 3 PT', 2800000, 3200000),
('P19041290', 'K1004', 'Lemari Pintu Rahwana 3 PT', 3100000, 3500000),
('P19041291', 'K1004', 'Lemari Pintu Palembang', 2500000, 2850000),
('P19041292', 'K1004', 'Lemari Pintu Anggola Tonjol', 3000000, 3400000),
('P19041293', 'K1004', 'Lemari Pintu Pluru 3PT', 3000000, 3400000),
('P19041294', 'K1004', 'Lemari Pintu Semanggi', 2740000, 3090000),
('P19041295', 'K1004', 'Lemari Pintu Stupa 4PT', 2500000, 2850000),
('P19041296', 'K1004', 'Lemari Pintu Peluru tonjol 4 PT', 3500000, 3900000),
('P19041297', 'K1004', 'Lemari Pintu Adinda Tonjol 4PT', 3600000, 4000000),
('P19041298', 'K1004', 'Lemari Pintu Tempahan (Custome)', 4000000, 4500000),
('P19041299', 'K1004', 'Lemari Hias Lokal 1 PT', 1300000, 1600000),
('P19041300', 'K1004', 'Lemari Hias Lokal 2 PT', 1500000, 1800000),
('P19041301', 'K1004', 'Lemari Hias Lokal 3 PT', 1700000, 2000000),
('P19041302', 'K1004', 'Lemari Hias Jati', 2500000, 2850000),
('P19041303', 'K1004', 'Lemari Hias Minimalis', 2000000, 2350000),
('P19041304', 'K1004', 'Lemari Hias Ukir', 2500000, 2850000),
('P19041305', 'K1007', 'Kaca Hias Minimalis Ukir', 800000, 1050000),
('P19041306', 'K1007', 'Kaca Hias Jati', 1400000, 1700000),
('P19041307', 'K1008', 'Bantal Helux', 180000, 200000),
('P19041308', 'K1008', 'Bantal Conforta', 150000, 170000),
('P19041309', 'K1008', 'Guling Helux', 180000, 200000),
('P19041310', 'K1008', 'Guling Conforta', 150000, 170000),
('P19041311', 'K1004', 'Lemari Pesantren ', 320000, 350000),
('P19041312', 'K1009', 'Buffet TV Olympic ', 1400000, 1700000),
('P19041313', 'K1009', 'Buffet TV Lokal', 800000, 1100000),
('P19041314', 'K1009', 'Buffet TV Jati Davinci ', 2070000, 2420000),
('P19041315', 'K1009', 'Buffet TV Jati Peluru', 2300000, 2650000),
('P19041316', 'K1009', 'Buffet TV Jati Anggur', 2500000, 2850000),
('P19041317', 'K1009', 'Buffet TV Jati Krawang', 2000000, 2350000),
('P19041318', 'K1009', 'Buffet TV Jati Kartini', 1900000, 2200000),
('P19041319', 'K1009', 'Buffet TV Minimalis ', 1700000, 2000000),
('P19041320', 'K1010', 'Sofa Minimalis ', 2000000, 2350000),
('P19041321', 'K1010', 'Sofa Istana', 3500000, 4000000),
('P19041322', 'K1010', 'Sofa Modern', 2850000, 3350000),
('P19041323', 'K1010', 'Sofa Kulit', 3000000, 3400000),
('P19041324', 'K1010', 'Sofa Kain', 1800000, 2100000),
('P19041325', 'K1010', 'Sofa Kancing', 2000000, 2350000),
('P19041326', 'K1010', 'Sofa Princess', 4500000, 5000000),
('P19041327', 'K1011', 'Kursi Tamu Jati Ukir', 2500000, 2850000),
('P19041328', 'K1011', 'Kursi Tamu Jati Kartini', 2000000, 2350000),
('P19041329', 'K1011', 'Kursi Tamu Jati Mawar', 2900000, 3300000),
('P19041330', 'K1011', 'Kursi Tamu Jati Pluru', 3000000, 3400000),
('P19041331', 'K1011', 'Kursi Tamu Jati Semanggi', 2700000, 3050000),
('P19041332', 'K1002', 'Kasur 120x200', 350000, 450000),
('P19041333', 'K1006', 'Meja Makan Minimalis', 2000000, 2350000),
('P19041334', 'K1006', 'Meja Makan Kartini', 2800000, 3200000),
('P19041335', 'K1006', 'Meja Makan Ketapang', 2800000, 3200000),
('P19041336', 'K1006', 'Meja Makan Kerang', 2800000, 3200000),
('P19041337', 'K1006', 'Meja Makan Minimalis tepi daun', 3500000, 3900000),
('P19041338', 'K1006', 'Meja Makan Ukir salina Gendong', 3200000, 3600000),
('P19041339', 'K1006', 'Meja Makan Besi', 1350000, 1650000),
('P19041340', 'K1006', 'Meja Makan Olympic', 2000000, 2350000),
('P19041341', 'K1006', 'Meja Makan Rotan', 2500000, 2850000);

-- --------------------------------------------------------

--
-- Struktur dari tabel `subkategori`
--

CREATE TABLE `subkategori` (
  `id_subkategori` varchar(225) NOT NULL,
  `id_kategori` varchar(225) NOT NULL,
  `nama_subkategori` varchar(225) NOT NULL
) ENGINE=InnoDB DEFAULT CHARSET=latin1;

--
-- Dumping data untuk tabel `subkategori`
--

INSERT INTO `subkategori` (`id_subkategori`, `id_kategori`, `nama_subkategori`) VALUES
('SK15', 'K27', 'test update'),
('SK20', 'K2', 'test');

-- --------------------------------------------------------

--
-- Struktur dari tabel `transaksi`
--

CREATE TABLE `transaksi` (
  `id` varchar(225) NOT NULL,
  `email` varchar(225) DEFAULT NULL,
  `tanggal` varchar(225) DEFAULT NULL,
  `status` varchar(225) DEFAULT NULL
) ENGINE=InnoDB DEFAULT CHARSET=utf8;

--
-- Dumping data untuk tabel `transaksi`
--

INSERT INTO `transaksi` (`id`, `email`, `tanggal`, `status`) VALUES
('T1001', 'aulianishafira98@gmail.com', '03/01/2016', 'selesai'),
('T1002', 'aulianishafira98@gmail.com', '03/01/2016', 'selesai'),
('T1003', 'aulianishafira98@gmail.com', '03/01/2016', 'selesai'),
('T1004', 'aulianishafira98@gmail.com', '04/01/2016', 'selesai'),
('T1005', 'aulianishafira98@gmail.com', '04/01/2016', 'selesai'),
('T1006', 'aulianishafira98@gmail.com', '04/01/2016', 'selesai'),
('T1007', 'aulianishafira98@gmail.com', '05/01/2016', 'selesai'),
('T1008', 'aulianishafira98@gmail.com', '05/01/2016', 'selesai'),
('T1009', 'aulianishafira98@gmail.com', '05/01/2016', 'selesai'),
('T1010', 'aulianishafira98@gmail.com', '05/01/2016', 'selesai'),
('T1011', 'aulianishafira98@gmail.com', '06/01/2016', 'selesai'),
('T1012', 'aulianishafira98@gmail.com', '06/01/2016', 'selesai'),
('T1013', 'aulianishafira98@gmail.com', '07/01/2016', 'selesai'),
('T1014', 'aulianishafira98@gmail.com', '07/01/2016', 'selesai'),
('T1015', 'aulianishafira98@gmail.com', '07/01/2016', 'selesai'),
('T1016', 'aulianishafira98@gmail.com', '07/01/2016', 'selesai'),
('T1017', 'aulianishafira98@gmail.com', '08/01/2016', 'selesai'),
('T1018', 'aulianishafira98@gmail.com', '09/01/2016', 'selesai'),
('T1019', 'aulianishafira98@gmail.com', '09/01/2016', 'selesai'),
('T1020', 'aulianishafira98@gmail.com', '10/01/2016', 'selesai'),
('T1021', 'aulianishafira98@gmail.com', '10/01/2016', 'selesai'),
('T1022', 'aulianishafira98@gmail.com', '10/01/2016', 'selesai'),
('T1023', 'aulianishafira98@gmail.com', '10/01/2016', 'selesai'),
('T1024', 'aulianishafira98@gmail.com', '10/01/2016', 'selesai'),
('T1025', 'aulianishafira98@gmail.com', '11/01/2016', 'selesai'),
('T1026', 'aulianishafira98@gmail.com', '11/01/2016', 'selesai'),
('T1027', 'aulianishafira98@gmail.com', '13/01/2016', 'selesai'),
('T1028', 'aulianishafira98@gmail.com', '13/01/2016', 'selesai'),
('T1029', 'aulianishafira98@gmail.com', '14/01/2016', 'selesai'),
('T1030', 'aulianishafira98@gmail.com', '15/01/2016', 'selesai'),
('T1031', 'aulianishafira98@gmail.com', '15/01/2016', 'selesai'),
('T1032', 'aulianishafira98@gmail.com', '15/01/2016', 'selesai'),
('T1033', 'aulianishafira98@gmail.com', '16/01/2016', 'selesai'),
('T1034', 'aulianishafira98@gmail.com', '18/01/2016', 'selesai'),
('T1035', 'aulianishafira98@gmail.com', '18/01/2016', 'selesai'),
('T1036', 'aulianishafira98@gmail.com', '20/01/2016', 'selesai'),
('T1037', 'aulianishafira98@gmail.com', '20/01/2016', 'selesai'),
('T1038', 'aulianishafira98@gmail.com', '20/01/2016', 'selesai'),
('T1039', 'aulianishafira98@gmail.com', '21/01/2016', 'selesai'),
('T1040', 'aulianishafira98@gmail.com', '22/01/2016', 'selesai'),
('T1041', 'aulianishafira98@gmail.com', '22/01/2016', 'selesai'),
('T1042', 'aulianishafira98@gmail.com', '23/01/2016', 'selesai'),
('T1043', 'aulianishafira98@gmail.com', '24/01/2016', 'selesai'),
('T1044', 'aulianishafira98@gmail.com', '24/01/2016', 'selesai'),
('T1045', 'aulianishafira98@gmail.com', '24/01/2016', 'selesai'),
('T1046', 'aulianishafira98@gmail.com', '25/01/2016', 'selesai'),
('T1047', 'aulianishafira98@gmail.com', '26/01/2016', 'selesai'),
('T1048', 'aulianishafira98@gmail.com', '28/01/2016', 'selesai'),
('T1049', 'aulianishafira98@gmail.com', '28/01/2016', 'selesai'),
('T1050', 'aulianishafira98@gmail.com', '29/01/2016', 'selesai'),
('T1051', 'aulianishafira98@gmail.com', '30/01/2016', 'selesai'),
('T1052', 'aulianishafira98@gmail.com', '30/01/2016', 'selesai'),
('T1053', 'aulianishafira98@gmail.com', '30/01/2016', 'selesai'),
('T1054', 'aulianishafira98@gmail.com', '31/01/2016', 'selesai'),
('T1055', 'aulianishafira98@gmail.com', '01/02/2016', 'selesai'),
('T1056', 'aulianishafira98@gmail.com', '01/02/2016', 'selesai'),
('T1057', 'aulianishafira98@gmail.com', '01/02/2016', 'selesai'),
('T1058', 'aulianishafira98@gmail.com', '01/02/2016', 'selesai'),
('T1059', 'aulianishafira98@gmail.com', '02/02/2016', 'selesai'),
('T1060', 'aulianishafira98@gmail.com', '02/02/2016', 'selesai'),
('T1061', 'aulianishafira98@gmail.com', '03/02/2016', 'selesai'),
('T1062', 'aulianishafira98@gmail.com', '04/02/2016', 'selesai'),
('T1063', 'aulianishafira98@gmail.com', '04/02/2016', 'selesai'),
('T1064', 'aulianishafira98@gmail.com', '04/02/2016', 'selesai'),
('T1065', 'aulianishafira98@gmail.com', '04/02/2016', 'selesai'),
('T1066', 'aulianishafira98@gmail.com', '04/02/2016', 'selesai'),
('T1067', 'aulianishafira98@gmail.com', '04/02/2016', 'selesai'),
('T1068', 'aulianishafira98@gmail.com', '05/02/2016', 'selesai'),
('T1069', 'aulianishafira98@gmail.com', '05/02/2016', 'selesai'),
('T1070', 'aulianishafira98@gmail.com', '05/02/2016', 'selesai'),
('T1071', 'aulianishafira98@gmail.com', '05/02/2016', 'selesai'),
('T1072', 'aulianishafira98@gmail.com', '05/02/2016', 'selesai'),
('T1073', 'aulianishafira98@gmail.com', '05/02/2016', 'selesai'),
('T1074', 'aulianishafira98@gmail.com', '06/02/2016', 'selesai'),
('T1075', 'aulianishafira98@gmail.com', '07/02/2016', 'selesai'),
('T1076', 'aulianishafira98@gmail.com', '07/02/2016', 'selesai'),
('T1077', 'aulianishafira98@gmail.com', '07/02/2016', 'selesai'),
('T1078', 'aulianishafira98@gmail.com', '08/02/2016', 'selesai'),
('T1079', 'aulianishafira98@gmail.com', '08/02/2016', 'selesai'),
('T1080', 'aulianishafira98@gmail.com', '09/02/2016', 'selesai'),
('T1081', 'aulianishafira98@gmail.com', '09/02/2016', 'selesai'),
('T1082', 'aulianishafira98@gmail.com', '10/02/2016', 'selesai'),
('T1083', 'aulianishafira98@gmail.com', '10/02/2016', 'selesai'),
('T1084', 'aulianishafira98@gmail.com', '10/02/2016', 'selesai'),
('T1085', 'aulianishafira98@gmail.com', '10/02/2016', 'selesai'),
('T1086', 'aulianishafira98@gmail.com', '11/02/2016', 'selesai'),
('T1087', 'aulianishafira98@gmail.com', '12/02/2016', 'selesai'),
('T1088', 'aulianishafira98@gmail.com', '13/02/2016', 'selesai'),
('T1089', 'aulianishafira98@gmail.com', '13/02/2016', 'selesai'),
('T1090', 'aulianishafira98@gmail.com', '13/02/2016', 'selesai'),
('T1091', 'aulianishafira98@gmail.com', '13/02/2016', 'selesai'),
('T1092', 'aulianishafira98@gmail.com', '13/02/2016', 'selesai'),
('T1093', 'aulianishafira98@gmail.com', '14/02/2016', 'selesai'),
('T1094', 'aulianishafira98@gmail.com', '14/02/2016', 'selesai'),
('T1095', 'aulianishafira98@gmail.com', '14/02/2016', 'selesai'),
('T1096', 'aulianishafira98@gmail.com', '15/02/2016', 'selesai'),
('T1097', 'aulianishafira98@gmail.com', '16/02/2016', 'selesai'),
('T1098', 'aulianishafira98@gmail.com', '17/02/2016', 'selesai'),
('T1099', 'aulianishafira98@gmail.com', '18/02/2016', 'selesai'),
('T1100', 'aulianishafira98@gmail.com', '18/02/2016', 'selesai'),
('T1101', 'aulianishafira98@gmail.com', '18/02/2016', 'selesai'),
('T1102', 'aulianishafira98@gmail.com', '18/02/2016', 'selesai'),
('T1103', 'aulianishafira98@gmail.com', '19/02/2016', 'selesai'),
('T1104', 'aulianishafira98@gmail.com', '20/02/2016', 'selesai'),
('T1105', 'aulianishafira98@gmail.com', '21/02/2016', 'selesai'),
('T1106', 'aulianishafira98@gmail.com', '21/02/2016', 'selesai'),
('T1107', 'aulianishafira98@gmail.com', '21/02/2016', 'selesai'),
('T1108', 'aulianishafira98@gmail.com', '22/02/2016', 'selesai'),
('T1109', 'aulianishafira98@gmail.com', '23/02/2016', 'selesai'),
('T1110', 'aulianishafira98@gmail.com', '23/02/2016', 'selesai'),
('T1111', 'aulianishafira98@gmail.com', '24/02/2016', 'selesai'),
('T1112', 'aulianishafira98@gmail.com', '25/02/2016', 'selesai'),
('T1113', 'aulianishafira98@gmail.com', '26/02/2016', 'selesai'),
('T1114', 'aulianishafira98@gmail.com', '26/02/2016', 'selesai'),
('T1115', 'aulianishafira98@gmail.com', '26/02/2016', 'selesai'),
('T1116', 'aulianishafira98@gmail.com', '27/02/2016', 'selesai'),
('T1117', 'aulianishafira98@gmail.com', '28/02/2016', 'selesai'),
('T1118', 'aulianishafira98@gmail.com', '29/02/2016', 'selesai'),
('T1119', 'aulianishafira98@gmail.com', '29/02/2016', 'selesai'),
('T1120', 'aulianishafira98@gmail.com', '29/02/2016', 'selesai'),
('T1121', 'aulianishafira98@gmail.com', '29/02/2016', 'selesai'),
('T1122', 'aulianishafira98@gmail.com', '01/03/2016', 'selesai'),
('T1123', 'aulianishafira98@gmail.com', '02/03/2016', 'selesai'),
('T1124', 'aulianishafira98@gmail.com', '03/03/2016', 'selesai'),
('T1125', 'aulianishafira98@gmail.com', '05/03/2016', 'selesai'),
('T1126', 'aulianishafira98@gmail.com', '05/03/2016', 'selesai'),
('T1127', 'aulianishafira98@gmail.com', '05/03/2016', 'selesai'),
('T1128', 'aulianishafira98@gmail.com', '06/03/2016', 'selesai'),
('T1129', 'aulianishafira98@gmail.com', '07/03/2016', 'selesai'),
('T1130', 'aulianishafira98@gmail.com', '07/03/2016', 'selesai'),
('T1131', 'aulianishafira98@gmail.com', '08/03/2016', 'selesai'),
('T1132', 'aulianishafira98@gmail.com', '08/03/2016', 'selesai'),
('T1133', 'aulianishafira98@gmail.com', '08/03/2016', 'selesai'),
('T1134', 'aulianishafira98@gmail.com', '08/03/2016', 'selesai'),
('T1135', 'aulianishafira98@gmail.com', '09/03/2016', 'selesai'),
('T1136', 'aulianishafira98@gmail.com', '10/03/2016', 'selesai'),
('T1137', 'aulianishafira98@gmail.com', '10/03/2016', 'selesai'),
('T1138', 'aulianishafira98@gmail.com', '10/03/2016', 'selesai'),
('T1139', 'aulianishafira98@gmail.com', '10/03/2016', 'selesai'),
('T1140', 'aulianishafira98@gmail.com', '11/03/2016', 'selesai'),
('T1141', 'aulianishafira98@gmail.com', '11/03/2016', 'selesai'),
('T1142', 'aulianishafira98@gmail.com', '12/03/2016', 'selesai'),
('T1143', 'aulianishafira98@gmail.com', '13/03/2016', 'selesai'),
('T1144', 'aulianishafira98@gmail.com', '14/03/2016', 'selesai'),
('T1145', 'aulianishafira98@gmail.com', '14/03/2016', 'selesai'),
('T1146', 'aulianishafira98@gmail.com', '14/03/2016', 'selesai'),
('T1147', 'aulianishafira98@gmail.com', '15/03/2016', 'selesai'),
('T1148', 'aulianishafira98@gmail.com', '16/03/2016', 'selesai'),
('T1149', 'aulianishafira98@gmail.com', '17/03/2016', 'selesai'),
('T1150', 'aulianishafira98@gmail.com', '18/03/2016', 'selesai'),
('T1151', 'aulianishafira98@gmail.com', '18/03/2016', 'selesai'),
('T1152', 'aulianishafira98@gmail.com', '19/03/2016', 'selesai'),
('T1153', 'aulianishafira98@gmail.com', '19/03/2016', 'selesai'),
('T1154', 'aulianishafira98@gmail.com', '19/03/2016', 'selesai'),
('T1155', 'aulianishafira98@gmail.com', '20/03/2016', 'selesai'),
('T1156', 'aulianishafira98@gmail.com', '21/03/2016', 'selesai'),
('T1157', 'aulianishafira98@gmail.com', '22/03/2016', 'selesai'),
('T1158', 'aulianishafira98@gmail.com', '22/03/2016', 'selesai'),
('T1159', 'aulianishafira98@gmail.com', '23/03/2016', 'selesai'),
('T1160', 'aulianishafira98@gmail.com', '24/03/2016', 'selesai'),
('T1161', 'aulianishafira98@gmail.com', '25/03/2016', 'selesai'),
('T1162', 'aulianishafira98@gmail.com', '25/03/2016', 'selesai'),
('T1163', 'aulianishafira98@gmail.com', '25/03/2016', 'selesai'),
('T1164', 'aulianishafira98@gmail.com', '26/03/2016', 'selesai'),
('T1165', 'aulianishafira98@gmail.com', '26/03/2016', 'selesai'),
('T1166', 'aulianishafira98@gmail.com', '27/03/2016', 'selesai'),
('T1167', 'aulianishafira98@gmail.com', '28/03/2016', 'selesai'),
('T1168', 'aulianishafira98@gmail.com', '29/03/2016', 'selesai'),
('T1169', 'aulianishafira98@gmail.com', '29/03/2016', 'selesai'),
('T1170', 'aulianishafira98@gmail.com', '29/03/2016', 'selesai'),
('T1171', 'aulianishafira98@gmail.com', '30/03/2016', 'selesai'),
('T1172', 'aulianishafira98@gmail.com', '31/03/2016', 'selesai'),
('T1173', 'aulianishafira98@gmail.com', '01/04/2016', 'selesai'),
('T1174', 'aulianishafira98@gmail.com', '01/04/2016', 'selesai'),
('T1175', 'aulianishafira98@gmail.com', '01/04/2016', 'selesai'),
('T1176', 'aulianishafira98@gmail.com', '02/04/2016', 'selesai'),
('T1177', 'aulianishafira98@gmail.com', '03/04/2016', 'selesai'),
('T1178', 'aulianishafira98@gmail.com', '03/04/2016', 'selesai'),
('T1179', 'aulianishafira98@gmail.com', '03/04/2016', 'selesai'),
('T1180', 'aulianishafira98@gmail.com', '03/04/2016', 'selesai'),
('T1181', 'aulianishafira98@gmail.com', '04/04/2016', 'selesai'),
('T1182', 'aulianishafira98@gmail.com', '04/04/2016', 'selesai'),
('T1183', 'aulianishafira98@gmail.com', '05/04/2016', 'selesai'),
('T1184', 'aulianishafira98@gmail.com', '06/04/2016', 'selesai'),
('T1185', 'aulianishafira98@gmail.com', '07/04/2016', 'selesai'),
('T1186', 'aulianishafira98@gmail.com', '08/04/2016', 'selesai'),
('T1187', 'aulianishafira98@gmail.com', '09/04/2016', 'selesai'),
('T1188', 'aulianishafira98@gmail.com', '09/04/2016', 'selesai'),
('T1189', 'aulianishafira98@gmail.com', '09/04/2016', 'selesai'),
('T1190', 'aulianishafira98@gmail.com', '10/04/2016', 'selesai'),
('T1191', 'aulianishafira98@gmail.com', '10/04/2016', 'selesai'),
('T1192', 'aulianishafira98@gmail.com', '11/04/2016', 'selesai'),
('T1193', 'aulianishafira98@gmail.com', '12/04/2016', 'selesai'),
('T1194', 'aulianishafira98@gmail.com', '12/04/2016', 'selesai'),
('T1195', 'aulianishafira98@gmail.com', '13/04/2016', 'selesai'),
('T1196', 'aulianishafira98@gmail.com', '14/04/2016', 'selesai'),
('T1197', 'aulianishafira98@gmail.com', '15/04/2016', 'selesai'),
('T1198', 'aulianishafira98@gmail.com', '15/04/2016', 'selesai'),
('T1199', 'aulianishafira98@gmail.com', '16/04/2016', 'selesai'),
('T1200', 'aulianishafira98@gmail.com', '17/04/2016', 'selesai'),
('T1201', 'aulianishafira98@gmail.com', '17/04/2016', 'selesai'),
('T1202', 'aulianishafira98@gmail.com', '18/04/2016', 'selesai'),
('T1203', 'aulianishafira98@gmail.com', '19/04/2016', 'selesai'),
('T1204', 'aulianishafira98@gmail.com', '20/04/2016', 'selesai'),
('T1205', 'aulianishafira98@gmail.com', '21/04/2016', 'selesai'),
('T1206', 'aulianishafira98@gmail.com', '21/04/2016', 'selesai'),
('T1207', 'aulianishafira98@gmail.com', '22/04/2016', 'selesai'),
('T1208', 'aulianishafira98@gmail.com', '23/04/2016', 'selesai'),
('T1209', 'aulianishafira98@gmail.com', '23/04/2016', 'selesai'),
('T1210', 'aulianishafira98@gmail.com', '23/04/2016', 'selesai'),
('T1211', 'aulianishafira98@gmail.com', '24/04/2016', 'selesai'),
('T1212', 'aulianishafira98@gmail.com', '25/04/2016', 'selesai'),
('T1213', 'aulianishafira98@gmail.com', '26/04/2016', 'selesai'),
('T1214', 'aulianishafira98@gmail.com', '27/04/2016', 'selesai'),
('T1215', 'aulianishafira98@gmail.com', '28/04/2016', 'selesai'),
('T1216', 'aulianishafira98@gmail.com', '28/04/2016', 'selesai'),
('T1217', 'aulianishafira98@gmail.com', '29/04/2016', 'selesai'),
('T1218', 'aulianishafira98@gmail.com', '30/04/2016', 'selesai'),
('T1219', 'aulianishafira98@gmail.com', '30/04/2016', 'selesai'),
('T1220', 'aulianishafira98@gmail.com', '01/05/2016', 'selesai'),
('T1221', 'aulianishafira98@gmail.com', '01/05/2016', 'selesai'),
('T1222', 'aulianishafira98@gmail.com', '01/05/2016', 'selesai'),
('T1223', 'aulianishafira98@gmail.com', '01/05/2016', 'selesai'),
('T1224', 'aulianishafira98@gmail.com', '02/05/2016', 'selesai'),
('T1225', 'aulianishafira98@gmail.com', '02/05/2016', 'selesai'),
('T1226', 'aulianishafira98@gmail.com', '03/05/2016', 'selesai'),
('T1227', 'aulianishafira98@gmail.com', '04/05/2016', 'selesai'),
('T1228', 'aulianishafira98@gmail.com', '04/05/2016', 'selesai'),
('T1229', 'aulianishafira98@gmail.com', '04/05/2016', 'selesai'),
('T1230', 'aulianishafira98@gmail.com', '04/05/2016', 'selesai'),
('T1231', 'aulianishafira98@gmail.com', '04/05/2016', 'selesai'),
('T1232', 'aulianishafira98@gmail.com', '05/05/2016', 'selesai'),
('T1233', 'aulianishafira98@gmail.com', '06/05/2016', 'selesai'),
('T1234', 'aulianishafira98@gmail.com', '07/05/2016', 'selesai'),
('T1235', 'aulianishafira98@gmail.com', '07/05/2016', 'selesai'),
('T1236', 'aulianishafira98@gmail.com', '07/05/2016', 'selesai'),
('T1237', 'aulianishafira98@gmail.com', '07/05/2016', 'selesai'),
('T1238', 'aulianishafira98@gmail.com', '08/05/2016', 'selesai'),
('T1239', 'aulianishafira98@gmail.com', '08/05/2016', 'selesai'),
('T1240', 'aulianishafira98@gmail.com', '08/05/2016', 'selesai'),
('T1241', 'aulianishafira98@gmail.com', '09/05/2016', 'selesai'),
('T1242', 'aulianishafira98@gmail.com', '09/05/2016', 'selesai'),
('T1243', 'aulianishafira98@gmail.com', '10/05/2016', 'selesai'),
('T1244', 'aulianishafira98@gmail.com', '11/05/2016', 'selesai'),
('T1245', 'aulianishafira98@gmail.com', '11/05/2016', 'selesai'),
('T1246', 'aulianishafira98@gmail.com', '11/05/2016', 'selesai'),
('T1247', 'aulianishafira98@gmail.com', '11/05/2016', 'selesai'),
('T1248', 'aulianishafira98@gmail.com', '12/05/2016', 'selesai'),
('T1249', 'aulianishafira98@gmail.com', '12/05/2016', 'selesai'),
('T1250', 'aulianishafira98@gmail.com', '12/05/2016', 'selesai'),
('T1251', 'aulianishafira98@gmail.com', '12/05/2016', 'selesai'),
('T1252', 'aulianishafira98@gmail.com', '13/05/2016', 'selesai'),
('T1253', 'aulianishafira98@gmail.com', '13/05/2016', 'selesai'),
('T1254', 'aulianishafira98@gmail.com', '14/05/2016', 'selesai'),
('T1255', 'aulianishafira98@gmail.com', '14/05/2016', 'selesai'),
('T1256', 'aulianishafira98@gmail.com', '14/05/2016', 'selesai'),
('T1257', 'aulianishafira98@gmail.com', '15/05/2016', 'selesai'),
('T1258', 'aulianishafira98@gmail.com', '16/05/2016', 'selesai'),
('T1259', 'aulianishafira98@gmail.com', '17/05/2016', 'selesai'),
('T1260', 'aulianishafira98@gmail.com', '17/05/2016', 'selesai'),
('T1261', 'aulianishafira98@gmail.com', '17/05/2016', 'selesai'),
('T1262', 'aulianishafira98@gmail.com', '17/05/2016', 'selesai'),
('T1263', 'aulianishafira98@gmail.com', '18/05/2016', 'selesai'),
('T1264', 'aulianishafira98@gmail.com', '19/05/2016', 'selesai'),
('T1265', 'aulianishafira98@gmail.com', '19/05/2016', 'selesai'),
('T1266', 'aulianishafira98@gmail.com', '19/05/2016', 'selesai'),
('T1267', 'aulianishafira98@gmail.com', '20/05/2016', 'selesai'),
('T1268', 'aulianishafira98@gmail.com', '21/05/2016', 'selesai'),
('T1269', 'aulianishafira98@gmail.com', '22/05/2016', 'selesai'),
('T1270', 'aulianishafira98@gmail.com', '23/05/2016', 'selesai'),
('T1271', 'aulianishafira98@gmail.com', '23/05/2016', 'selesai'),
('T1272', 'aulianishafira98@gmail.com', '24/05/2016', 'selesai'),
('T1273', 'aulianishafira98@gmail.com', '25/05/2016', 'selesai'),
('T1274', 'aulianishafira98@gmail.com', '25/05/2016', 'selesai'),
('T1275', 'aulianishafira98@gmail.com', '25/05/2016', 'selesai'),
('T1276', 'aulianishafira98@gmail.com', '26/05/2016', 'selesai'),
('T1277', 'aulianishafira98@gmail.com', '27/05/2016', 'selesai'),
('T1278', 'aulianishafira98@gmail.com', '28/05/2016', 'selesai'),
('T1279', 'aulianishafira98@gmail.com', '28/05/2016', 'selesai'),
('T1280', 'aulianishafira98@gmail.com', '29/05/2016', 'selesai'),
('T1281', 'aulianishafira98@gmail.com', '29/05/2016', 'selesai'),
('T1282', 'aulianishafira98@gmail.com', '30/05/2016', 'selesai'),
('T1283', 'aulianishafira98@gmail.com', '31/05/2016', 'selesai'),
('T1284', 'aulianishafira98@gmail.com', '01/06/2016', 'selesai'),
('T1285', 'aulianishafira98@gmail.com', '01/06/2016', 'selesai'),
('T1286', 'aulianishafira98@gmail.com', '01/06/2016', 'selesai'),
('T1287', 'aulianishafira98@gmail.com', '01/06/2016', 'selesai'),
('T1288', 'aulianishafira98@gmail.com', '02/06/2016', 'selesai'),
('T1289', 'aulianishafira98@gmail.com', '02/06/2016', 'selesai'),
('T1290', 'aulianishafira98@gmail.com', '03/06/2016', 'selesai'),
('T1291', 'aulianishafira98@gmail.com', '03/06/2016', 'selesai'),
('T1292', 'aulianishafira98@gmail.com', '03/06/2016', 'selesai'),
('T1293', 'aulianishafira98@gmail.com', '03/06/2016', 'selesai'),
('T1294', 'aulianishafira98@gmail.com', '03/06/2016', 'selesai'),
('T1295', 'aulianishafira98@gmail.com', '04/06/2016', 'selesai'),
('T1296', 'aulianishafira98@gmail.com', '04/06/2016', 'selesai'),
('T1297', 'aulianishafira98@gmail.com', '04/06/2016', 'selesai'),
('T1298', 'aulianishafira98@gmail.com', '04/06/2016', 'selesai'),
('T1299', 'aulianishafira98@gmail.com', '04/06/2016', 'selesai'),
('T1300', 'aulianishafira98@gmail.com', '05/06/2016', 'selesai'),
('T1301', 'aulianishafira98@gmail.com', '05/06/2016', 'selesai'),
('T1302', 'aulianishafira98@gmail.com', '06/06/2016', 'selesai'),
('T1303', 'aulianishafira98@gmail.com', '06/06/2016', 'selesai'),
('T1304', 'aulianishafira98@gmail.com', '06/06/2016', 'selesai'),
('T1305', 'aulianishafira98@gmail.com', '06/06/2016', 'selesai'),
('T1306', 'aulianishafira98@gmail.com', '06/06/2016', 'selesai'),
('T1307', 'aulianishafira98@gmail.com', '06/06/2016', 'selesai'),
('T1308', 'aulianishafira98@gmail.com', '07/06/2016', 'selesai'),
('T1309', 'aulianishafira98@gmail.com', '08/06/2016', 'selesai'),
('T1310', 'aulianishafira98@gmail.com', '08/06/2016', 'selesai'),
('T1311', 'aulianishafira98@gmail.com', '09/06/2016', 'selesai'),
('T1312', 'aulianishafira98@gmail.com', '10/06/2016', 'selesai'),
('T1313', 'aulianishafira98@gmail.com', '11/06/2016', 'selesai'),
('T1314', 'aulianishafira98@gmail.com', '11/06/2016', 'selesai'),
('T1315', 'aulianishafira98@gmail.com', '11/06/2016', 'selesai'),
('T1316', 'aulianishafira98@gmail.com', '11/06/2016', 'selesai'),
('T1317', 'aulianishafira98@gmail.com', '12/06/2016', 'selesai'),
('T1318', 'aulianishafira98@gmail.com', '12/06/2016', 'selesai'),
('T1319', 'aulianishafira98@gmail.com', '13/06/2016', 'selesai'),
('T1320', 'aulianishafira98@gmail.com', '14/06/2016', 'selesai'),
('T1321', 'aulianishafira98@gmail.com', '14/06/2016', 'selesai'),
('T1322', 'aulianishafira98@gmail.com', '14/06/2016', 'selesai'),
('T1323', 'aulianishafira98@gmail.com', '14/06/2016', 'selesai'),
('T1324', 'aulianishafira98@gmail.com', '15/06/2016', 'selesai'),
('T1325', 'aulianishafira98@gmail.com', '15/06/2016', 'selesai'),
('T1326', 'aulianishafira98@gmail.com', '16/06/2016', 'selesai'),
('T1327', 'aulianishafira98@gmail.com', '17/06/2016', 'selesai'),
('T1328', 'aulianishafira98@gmail.com', '17/06/2016', 'selesai'),
('T1329', 'aulianishafira98@gmail.com', '17/06/2016', 'selesai'),
('T1330', 'aulianishafira98@gmail.com', '18/06/2016', 'selesai'),
('T1331', 'aulianishafira98@gmail.com', '18/06/2016', 'selesai'),
('T1332', 'aulianishafira98@gmail.com', '18/06/2016', 'selesai'),
('T1333', 'aulianishafira98@gmail.com', '18/06/2016', 'selesai'),
('T1334', 'aulianishafira98@gmail.com', '19/06/2016', 'selesai'),
('T1335', 'aulianishafira98@gmail.com', '19/06/2016', 'selesai'),
('T1336', 'aulianishafira98@gmail.com', '20/06/2016', 'selesai'),
('T1337', 'aulianishafira98@gmail.com', '20/06/2016', 'selesai'),
('T1338', 'aulianishafira98@gmail.com', '20/06/2016', 'selesai'),
('T1339', 'aulianishafira98@gmail.com', '21/06/2016', 'selesai'),
('T1340', 'aulianishafira98@gmail.com', '22/06/2016', 'selesai'),
('T1341', 'aulianishafira98@gmail.com', '23/06/2016', 'selesai'),
('T1342', 'aulianishafira98@gmail.com', '23/06/2016', 'selesai'),
('T1343', 'aulianishafira98@gmail.com', '24/06/2016', 'selesai'),
('T1344', 'aulianishafira98@gmail.com', '24/06/2016', 'selesai'),
('T1345', 'aulianishafira98@gmail.com', '24/06/2016', 'selesai'),
('T1346', 'aulianishafira98@gmail.com', '25/06/2016', 'selesai'),
('T1347', 'aulianishafira98@gmail.com', '26/06/2016', 'selesai'),
('T1348', 'aulianishafira98@gmail.com', '26/06/2016', 'selesai'),
('T1349', 'aulianishafira98@gmail.com', '26/06/2016', 'selesai'),
('T1350', 'aulianishafira98@gmail.com', '27/06/2016', 'selesai'),
('T1351', 'aulianishafira98@gmail.com', '28/06/2016', 'selesai'),
('T1352', 'aulianishafira98@gmail.com', '28/06/2016', 'selesai'),
('T1353', 'aulianishafira98@gmail.com', '28/06/2016', 'selesai'),
('T1354', 'aulianishafira98@gmail.com', '29/06/2016', 'selesai'),
('T1355', 'aulianishafira98@gmail.com', '30/06/2016', 'selesai'),
('T1356', 'aulianishafira98@gmail.com', '01/07/2016', 'selesai'),
('T1357', 'aulianishafira98@gmail.com', '01/07/2016', 'selesai'),
('T1358', 'aulianishafira98@gmail.com', '01/07/2016', 'selesai'),
('T1359', 'aulianishafira98@gmail.com', '02/07/2016', 'selesai'),
('T1360', 'aulianishafira98@gmail.com', '02/07/2016', 'selesai'),
('T1361', 'aulianishafira98@gmail.com', '02/07/2016', 'selesai'),
('T1362', 'aulianishafira98@gmail.com', '03/07/2016', 'selesai'),
('T1363', 'aulianishafira98@gmail.com', '03/07/2016', 'selesai'),
('T1364', 'aulianishafira98@gmail.com', '04/07/2016', 'selesai'),
('T1365', 'aulianishafira98@gmail.com', '04/07/2016', 'selesai'),
('T1366', 'aulianishafira98@gmail.com', '04/07/2016', 'selesai'),
('T1367', 'aulianishafira98@gmail.com', '04/07/2016', 'selesai'),
('T1368', 'aulianishafira98@gmail.com', '05/07/2016', 'selesai'),
('T1369', 'aulianishafira98@gmail.com', '05/07/2016', 'selesai'),
('T1370', 'aulianishafira98@gmail.com', '10/07/2016', 'selesai'),
('T1371', 'aulianishafira98@gmail.com', '11/07/2016', 'selesai'),
('T1372', 'aulianishafira98@gmail.com', '12/07/2016', 'selesai'),
('T1373', 'aulianishafira98@gmail.com', '12/07/2016', 'selesai'),
('T1374', 'aulianishafira98@gmail.com', '13/07/2016', 'selesai'),
('T1375', 'aulianishafira98@gmail.com', '13/07/2016', 'selesai'),
('T1376', 'aulianishafira98@gmail.com', '13/07/2016', 'selesai'),
('T1377', 'aulianishafira98@gmail.com', '13/07/2016', 'selesai'),
('T1378', 'aulianishafira98@gmail.com', '13/07/2016', 'selesai'),
('T1379', 'aulianishafira98@gmail.com', '14/07/2016', 'selesai'),
('T1380', 'aulianishafira98@gmail.com', '14/07/2016', 'selesai'),
('T1381', 'aulianishafira98@gmail.com', '14/07/2016', 'selesai'),
('T1382', 'aulianishafira98@gmail.com', '15/07/2016', 'selesai'),
('T1383', 'aulianishafira98@gmail.com', '15/07/2016', 'selesai'),
('T1384', 'aulianishafira98@gmail.com', '17/07/2016', 'selesai'),
('T1385', 'aulianishafira98@gmail.com', '18/07/2016', 'selesai'),
('T1386', 'aulianishafira98@gmail.com', '18/07/2016', 'selesai'),
('T1387', 'aulianishafira98@gmail.com', '18/07/2016', 'selesai'),
('T1388', 'aulianishafira98@gmail.com', '19/07/2016', 'selesai'),
('T1389', 'aulianishafira98@gmail.com', '20/07/2016', 'selesai'),
('T1390', 'aulianishafira98@gmail.com', '20/07/2016', 'selesai'),
('T1391', 'aulianishafira98@gmail.com', '21/07/2016', 'selesai'),
('T1392', 'aulianishafira98@gmail.com', '21/07/2016', 'selesai'),
('T1393', 'aulianishafira98@gmail.com', '21/07/2016', 'selesai'),
('T1394', 'aulianishafira98@gmail.com', '22/07/2016', 'selesai'),
('T1395', 'aulianishafira98@gmail.com', '23/07/2016', 'selesai'),
('T1396', 'aulianishafira98@gmail.com', '23/07/2016', 'selesai'),
('T1397', 'aulianishafira98@gmail.com', '24/07/2016', 'selesai'),
('T1398', 'aulianishafira98@gmail.com', '25/07/2016', 'selesai'),
('T1399', 'aulianishafira98@gmail.com', '25/07/2016', 'selesai'),
('T1400', 'aulianishafira98@gmail.com', '25/07/2016', 'selesai'),
('T1401', 'aulianishafira98@gmail.com', '26/07/2016', 'selesai'),
('T1402', 'aulianishafira98@gmail.com', '26/07/2016', 'selesai'),
('T1403', 'aulianishafira98@gmail.com', '27/07/2016', 'selesai'),
('T1404', 'aulianishafira98@gmail.com', '28/07/2016', 'selesai'),
('T1405', 'aulianishafira98@gmail.com', '29/07/2016', 'selesai'),
('T1406', 'aulianishafira98@gmail.com', '30/07/2016', 'selesai'),
('T1407', 'aulianishafira98@gmail.com', '31/07/2016', 'selesai'),
('T1408', 'aulianishafira98@gmail.com', '01/08/2016', 'selesai'),
('T1409', 'aulianishafira98@gmail.com', '02/08/2016', 'selesai'),
('T1410', 'aulianishafira98@gmail.com', '02/08/2016', 'selesai'),
('T1411', 'aulianishafira98@gmail.com', '02/08/2016', 'selesai'),
('T1412', 'aulianishafira98@gmail.com', '03/08/2016', 'selesai'),
('T1413', 'aulianishafira98@gmail.com', '03/08/2016', 'selesai'),
('T1414', 'aulianishafira98@gmail.com', '04/08/2016', 'selesai'),
('T1415', 'aulianishafira98@gmail.com', '04/08/2016', 'selesai'),
('T1416', 'aulianishafira98@gmail.com', '04/08/2016', 'selesai'),
('T1417', 'aulianishafira98@gmail.com', '06/08/2016', 'selesai'),
('T1418', 'aulianishafira98@gmail.com', '07/08/2016', 'selesai'),
('T1419', 'aulianishafira98@gmail.com', '07/08/2016', 'selesai'),
('T1420', 'aulianishafira98@gmail.com', '08/08/2016', 'selesai'),
('T1421', 'aulianishafira98@gmail.com', '08/08/2016', 'selesai'),
('T1422', 'aulianishafira98@gmail.com', '08/08/2016', 'selesai'),
('T1423', 'aulianishafira98@gmail.com', '08/08/2016', 'selesai'),
('T1424', 'aulianishafira98@gmail.com', '09/08/2016', 'selesai'),
('T1425', 'aulianishafira98@gmail.com', '10/08/2016', 'selesai'),
('T1426', 'aulianishafira98@gmail.com', '11/08/2016', 'selesai'),
('T1427', 'aulianishafira98@gmail.com', '11/08/2016', 'selesai'),
('T1428', 'aulianishafira98@gmail.com', '11/08/2016', 'selesai'),
('T1429', 'aulianishafira98@gmail.com', '11/08/2016', 'selesai'),
('T1430', 'aulianishafira98@gmail.com', '16/08/2016', 'selesai'),
('T1431', 'aulianishafira98@gmail.com', '16/08/2016', 'selesai'),
('T1432', 'aulianishafira98@gmail.com', '16/08/2016', 'selesai'),
('T1433', 'aulianishafira98@gmail.com', '17/08/2016', 'selesai'),
('T1434', 'aulianishafira98@gmail.com', '18/08/2016', 'selesai'),
('T1435', 'aulianishafira98@gmail.com', '18/08/2016', 'selesai'),
('T1436', 'aulianishafira98@gmail.com', '19/08/2016', 'selesai'),
('T1437', 'aulianishafira98@gmail.com', '19/08/2016', 'selesai'),
('T1438', 'aulianishafira98@gmail.com', '19/08/2016', 'selesai'),
('T1439', 'aulianishafira98@gmail.com', '20/08/2016', 'selesai'),
('T1440', 'aulianishafira98@gmail.com', '21/08/2016', 'selesai'),
('T1441', 'aulianishafira98@gmail.com', '20/08/2016', 'selesai'),
('T1442', 'aulianishafira98@gmail.com', '21/08/2016', 'selesai'),
('T1443', 'aulianishafira98@gmail.com', '22/08/2016', 'selesai'),
('T1444', 'aulianishafira98@gmail.com', '23/08/2016', 'selesai'),
('T1445', 'aulianishafira98@gmail.com', '24/08/2016', 'selesai'),
('T1446', 'aulianishafira98@gmail.com', '24/08/2016', 'selesai'),
('T1447', 'aulianishafira98@gmail.com', '24/08/2016', 'selesai'),
('T1448', 'aulianishafira98@gmail.com', '25/08/2016', 'selesai'),
('T1449', 'aulianishafira98@gmail.com', '26/08/2016', 'selesai'),
('T1450', 'aulianishafira98@gmail.com', '27/08/2016', 'selesai'),
('T1451', 'aulianishafira98@gmail.com', '28/08/2016', 'selesai'),
('T1452', 'aulianishafira98@gmail.com', '28/08/2016', 'selesai'),
('T1453', 'aulianishafira98@gmail.com', '29/08/2016', 'selesai'),
('T1454', 'aulianishafira98@gmail.com', '29/08/2016', 'selesai'),
('T1455', 'aulianishafira98@gmail.com', '30/08/2016', 'selesai'),
('T1456', 'aulianishafira98@gmail.com', '31/08/2016', 'selesai'),
('T1457', 'aulianishafira98@gmail.com', '01/09/2016', 'selesai'),
('T1458', 'aulianishafira98@gmail.com', '02/09/2016', 'selesai'),
('T1459', 'aulianishafira98@gmail.com', '02/09/2016', 'selesai'),
('T1460', 'aulianishafira98@gmail.com', '02/09/2016', 'selesai'),
('T1461', 'aulianishafira98@gmail.com', '03/09/2016', 'selesai'),
('T1462', 'aulianishafira98@gmail.com', '04/09/2016', 'selesai'),
('T1463', 'aulianishafira98@gmail.com', '05/09/2016', 'selesai'),
('T1464', 'aulianishafira98@gmail.com', '05/09/2016', 'selesai'),
('T1465', 'aulianishafira98@gmail.com', '06/09/2016', 'selesai'),
('T1466', 'aulianishafira98@gmail.com', '06/09/2016', 'selesai'),
('T1467', 'aulianishafira98@gmail.com', '06/09/2016', 'selesai'),
('T1468', 'aulianishafira98@gmail.com', '07/09/2016', 'selesai'),
('T1469', 'aulianishafira98@gmail.com', '08/09/2016', 'selesai'),
('T1470', 'aulianishafira98@gmail.com', '09/09/2016', 'selesai'),
('T1471', 'aulianishafira98@gmail.com', '09/09/2016', 'selesai'),
('T1472', 'aulianishafira98@gmail.com', '10/09/2016', 'selesai'),
('T1473', 'aulianishafira98@gmail.com', '11/09/2016', 'selesai'),
('T1474', 'aulianishafira98@gmail.com', '11/09/2016', 'selesai'),
('T1475', 'aulianishafira98@gmail.com', '11/09/2016', 'selesai'),
('T1476', 'aulianishafira98@gmail.com', '12/09/2016', 'selesai'),
('T1477', 'aulianishafira98@gmail.com', '12/09/2016', 'selesai'),
('T1478', 'aulianishafira98@gmail.com', '13/09/2016', 'selesai'),
('T1479', 'aulianishafira98@gmail.com', '14/09/2016', 'selesai'),
('T1480', 'aulianishafira98@gmail.com', '15/09/2016', 'selesai'),
('T1481', 'aulianishafira98@gmail.com', '15/09/2016', 'selesai'),
('T1482', 'aulianishafira98@gmail.com', '15/09/2016', 'selesai'),
('T1483', 'aulianishafira98@gmail.com', '16/09/2016', 'selesai'),
('T1484', 'aulianishafira98@gmail.com', '17/09/2016', 'selesai'),
('T1485', 'aulianishafira98@gmail.com', '17/09/2016', 'selesai'),
('T1486', 'aulianishafira98@gmail.com', '18/09/2016', 'selesai'),
('T1487', 'aulianishafira98@gmail.com', '19/09/2016', 'selesai'),
('T1488', 'aulianishafira98@gmail.com', '20/09/2016', 'selesai'),
('T1489', 'aulianishafira98@gmail.com', '20/09/2016', 'selesai'),
('T1490', 'aulianishafira98@gmail.com', '20/09/2016', 'selesai'),
('T1491', 'aulianishafira98@gmail.com', '21/09/2016', 'selesai'),
('T1492', 'aulianishafira98@gmail.com', '22/09/2016', 'selesai'),
('T1493', 'aulianishafira98@gmail.com', '23/09/2016', 'selesai'),
('T1494', 'aulianishafira98@gmail.com', '23/09/2016', 'selesai'),
('T1495', 'aulianishafira98@gmail.com', '23/09/2016', 'selesai'),
('T1496', 'aulianishafira98@gmail.com', '24/09/2016', 'selesai'),
('T1497', 'aulianishafira98@gmail.com', '25/09/2016', 'selesai'),
('T1498', 'aulianishafira98@gmail.com', '25/09/2016', 'selesai'),
('T1499', 'aulianishafira98@gmail.com', '25/09/2016', 'selesai'),
('T1500', 'aulianishafira98@gmail.com', '26/09/2016', 'selesai'),
('T1501', 'aulianishafira98@gmail.com', '27/09/2016', 'selesai'),
('T1502', 'aulianishafira98@gmail.com', '29/09/2016', 'selesai'),
('T1503', 'aulianishafira98@gmail.com', '29/09/2016', 'selesai'),
('T1504', 'aulianishafira98@gmail.com', '29/09/2016', 'selesai'),
('T1505', 'aulianishafira98@gmail.com', '30/09/2016', 'selesai'),
('T1506', 'aulianishafira98@gmail.com', '01/10/2016', 'selesai'),
('T1507', 'aulianishafira98@gmail.com', '01/10/2016', 'selesai'),
('T1508', 'aulianishafira98@gmail.com', '02/10/2016', 'selesai'),
('T1509', 'aulianishafira98@gmail.com', '03/10/2016', 'selesai'),
('T1510', 'aulianishafira98@gmail.com', '03/10/2016', 'selesai'),
('T1511', 'aulianishafira98@gmail.com', '03/10/2016', 'selesai'),
('T1512', 'aulianishafira98@gmail.com', '05/10/2016', 'selesai'),
('T1513', 'aulianishafira98@gmail.com', '06/10/2016', 'selesai'),
('T1514', 'aulianishafira98@gmail.com', '06/10/2016', 'selesai'),
('T1515', 'aulianishafira98@gmail.com', '06/10/2016', 'selesai'),
('T1516', 'aulianishafira98@gmail.com', '07/10/2016', 'selesai'),
('T1517', 'aulianishafira98@gmail.com', '08/10/2016', 'selesai'),
('T1518', 'aulianishafira98@gmail.com', '09/10/2016', 'selesai'),
('T1519', 'aulianishafira98@gmail.com', '10/10/2016', 'selesai'),
('T1520', 'aulianishafira98@gmail.com', '10/10/2016', 'selesai'),
('T1521', 'aulianishafira98@gmail.com', '11/10/2016', 'selesai'),
('T1522', 'aulianishafira98@gmail.com', '12/10/2016', 'selesai'),
('T1523', 'aulianishafira98@gmail.com', '12/10/2016', 'selesai'),
('T1524', 'aulianishafira98@gmail.com', '12/10/2016', 'selesai'),
('T1525', 'aulianishafira98@gmail.com', '13/10/2016', 'selesai'),
('T1526', 'aulianishafira98@gmail.com', '14/10/2016', 'selesai'),
('T1527', 'aulianishafira98@gmail.com', '14/10/2016', 'selesai'),
('T1528', 'aulianishafira98@gmail.com', '15/10/2016', 'selesai'),
('T1529', 'aulianishafira98@gmail.com', '15/10/2016', 'selesai'),
('T1530', 'aulianishafira98@gmail.com', '15/10/2016', 'selesai'),
('T1531', 'aulianishafira98@gmail.com', '16/10/2016', 'selesai'),
('T1532', 'aulianishafira98@gmail.com', '17/10/2016', 'selesai'),
('T1533', 'aulianishafira98@gmail.com', '18/10/2016', 'selesai'),
('T1534', 'aulianishafira98@gmail.com', '18/10/2016', 'selesai'),
('T1535', 'aulianishafira98@gmail.com', '18/10/2016', 'selesai'),
('T1536', 'aulianishafira98@gmail.com', '19/10/2016', 'selesai'),
('T1537', 'aulianishafira98@gmail.com', '20/10/2016', 'selesai'),
('T1538', 'aulianishafira98@gmail.com', '20/10/2016', 'selesai'),
('T1539', 'aulianishafira98@gmail.com', '21/10/2016', 'selesai'),
('T1540', 'aulianishafira98@gmail.com', '22/10/2016', 'selesai'),
('T1541', 'aulianishafira98@gmail.com', '22/10/2016', 'selesai'),
('T1542', 'aulianishafira98@gmail.com', '22/10/2016', 'selesai'),
('T1543', 'aulianishafira98@gmail.com', '25/10/2016', 'selesai'),
('T1544', 'aulianishafira98@gmail.com', '26/10/2016', 'selesai'),
('T1545', 'aulianishafira98@gmail.com', '27/10/2016', 'selesai'),
('T1546', 'aulianishafira98@gmail.com', '28/10/2016', 'selesai'),
('T1547', 'aulianishafira98@gmail.com', '28/10/2016', 'selesai'),
('T1548', 'aulianishafira98@gmail.com', '29/10/2016', 'selesai'),
('T1549', 'aulianishafira98@gmail.com', '30/10/2016', 'selesai'),
('T1550', 'aulianishafira98@gmail.com', '31/10/2016', 'selesai'),
('T1551', 'aulianishafira98@gmail.com', '01/11/2016', 'selesai'),
('T1552', 'aulianishafira98@gmail.com', '01/11/2016', 'selesai'),
('T1553', 'aulianishafira98@gmail.com', '02/11/2016', 'selesai'),
('T1554', 'aulianishafira98@gmail.com', '02/11/2016', 'selesai'),
('T1555', 'aulianishafira98@gmail.com', '03/11/2016', 'selesai'),
('T1556', 'aulianishafira98@gmail.com', '06/11/2016', 'selesai'),
('T1557', 'aulianishafira98@gmail.com', '06/11/2016', 'selesai'),
('T1558', 'aulianishafira98@gmail.com', '06/11/2016', 'selesai'),
('T1559', 'aulianishafira98@gmail.com', '07/11/2016', 'selesai'),
('T1560', 'aulianishafira98@gmail.com', '08/11/2016', 'selesai'),
('T1561', 'aulianishafira98@gmail.com', '08/11/2016', 'selesai'),
('T1562', 'aulianishafira98@gmail.com', '09/11/2016', 'selesai'),
('T1563', 'aulianishafira98@gmail.com', '11/11/2016', 'selesai'),
('T1564', 'aulianishafira98@gmail.com', '12/11/2016', 'selesai'),
('T1565', 'aulianishafira98@gmail.com', '12/11/2016', 'selesai'),
('T1566', 'aulianishafira98@gmail.com', '12/11/2016', 'selesai'),
('T1567', 'aulianishafira98@gmail.com', '13/11/2016', 'selesai'),
('T1568', 'aulianishafira98@gmail.com', '14/11/2016', 'selesai'),
('T1569', 'aulianishafira98@gmail.com', '14/11/2016', 'selesai'),
('T1570', 'aulianishafira98@gmail.com', '15/11/2016', 'selesai'),
('T1571', 'aulianishafira98@gmail.com', '16/11/2016', 'selesai'),
('T1572', 'aulianishafira98@gmail.com', '17/11/2016', 'selesai'),
('T1573', 'aulianishafira98@gmail.com', '18/11/2016', 'selesai'),
('T1574', 'aulianishafira98@gmail.com', '18/11/2016', 'selesai'),
('T1575', 'aulianishafira98@gmail.com', '18/11/2016', 'selesai'),
('T1576', 'aulianishafira98@gmail.com', '18/11/2016', 'selesai'),
('T1577', 'aulianishafira98@gmail.com', '20/11/2016', 'selesai'),
('T1578', 'aulianishafira98@gmail.com', '21/11/2016', 'selesai'),
('T1579', 'aulianishafira98@gmail.com', '22/11/2016', 'selesai'),
('T1580', 'aulianishafira98@gmail.com', '23/11/2016', 'selesai'),
('T1581', 'aulianishafira98@gmail.com', '24/11/2016', 'selesai'),
('T1582', 'aulianishafira98@gmail.com', '24/11/2016', 'selesai'),
('T1583', 'aulianishafira98@gmail.com', '25/11/2016', 'selesai'),
('T1584', 'aulianishafira98@gmail.com', '26/11/2016', 'selesai'),
('T1585', 'aulianishafira98@gmail.com', '27/11/2016', 'selesai'),
('T1586', 'aulianishafira98@gmail.com', '27/11/2016', 'selesai'),
('T1587', 'aulianishafira98@gmail.com', '27/11/2016', 'selesai'),
('T1588', 'aulianishafira98@gmail.com', '28/11/2016', 'selesai'),
('T1589', 'aulianishafira98@gmail.com', '29/11/2016', 'selesai'),
('T1590', 'aulianishafira98@gmail.com', '30/11/2016', 'selesai'),
('T1591', 'aulianishafira98@gmail.com', '01/12/2016', 'selesai'),
('T1592', 'aulianishafira98@gmail.com', '02/12/2016', 'selesai'),
('T1593', 'aulianishafira98@gmail.com', '02/12/2016', 'selesai'),
('T1594', 'aulianishafira98@gmail.com', '02/12/2016', 'selesai'),
('T1595', 'aulianishafira98@gmail.com', '03/12/2016', 'selesai'),
('T1596', 'aulianishafira98@gmail.com', '03/12/2016', 'selesai'),
('T1597', 'aulianishafira98@gmail.com', '04/12/2016', 'selesai'),
('T1598', 'aulianishafira98@gmail.com', '05/12/2016', 'selesai'),
('T1599', 'aulianishafira98@gmail.com', '06/12/2016', 'selesai'),
('T1600', 'aulianishafira98@gmail.com', '06/12/2016', 'selesai'),
('T1601', 'aulianishafira98@gmail.com', '07/12/2016', 'selesai'),
('T1602', 'aulianishafira98@gmail.com', '08/12/2016', 'selesai');

-- --------------------------------------------------------

--
-- Struktur dari tabel `user`
--

CREATE TABLE `user` (
  `id_user` int(11) NOT NULL,
  `email` varchar(225) NOT NULL,
  `password` varchar(225) NOT NULL,
  `nama_lengkap` varchar(225) NOT NULL
) ENGINE=InnoDB DEFAULT CHARSET=latin1;

--
-- Dumping data untuk tabel `user`
--

INSERT INTO `user` (`id_user`, `email`, `password`, `nama_lengkap`) VALUES
(1, 'admin@gmail.com', '$2y$10$6IvgR2l5GSeVOT/UYUXpX.eI/vqo0Ta5hnqX7ojxDADKf.zy0vwRG', 'admin');

--
-- Indexes for dumped tables
--

--
-- Indexes for table `detail_transaksi`
--
ALTER TABLE `detail_transaksi`
  ADD PRIMARY KEY (`id`);

--
-- Indexes for table `kategori`
--
ALTER TABLE `kategori`
  ADD PRIMARY KEY (`id_kategori`);

--
-- Indexes for table `produk`
--
ALTER TABLE `produk`
  ADD PRIMARY KEY (`id_produk`);

--
-- Indexes for table `subkategori`
--
ALTER TABLE `subkategori`
  ADD PRIMARY KEY (`id_subkategori`);

--
-- Indexes for table `transaksi`
--
ALTER TABLE `transaksi`
  ADD PRIMARY KEY (`id`);

--
-- Indexes for table `user`
--
ALTER TABLE `user`
  ADD PRIMARY KEY (`id_user`);

--
-- AUTO_INCREMENT for dumped tables
--

--
-- AUTO_INCREMENT for table `user`
--
ALTER TABLE `user`
  MODIFY `id_user` int(11) NOT NULL AUTO_INCREMENT, AUTO_INCREMENT=2;
/*!40101 SET CHARACTER_SET_CLIENT=@OLD_CHARACTER_SET_CLIENT */;
/*!40101 SET CHARACTER_SET_RESULTS=@OLD_CHARACTER_SET_RESULTS */;
/*!40101 SET COLLATION_CONNECTION=@OLD_COLLATION_CONNECTION */;
